employee_id,employee_name,day,shift,shift_time,role
E005,Employee 5,1,S1,00:00-08:00,BLO
MEDIUM_E062,Medium Employee 062,1,S1,00:00-08:00,BLO
E022,Employee 22,1,S1,00:00-08:00,DAS
E027,Employee 27,1,S1,00:00-08:00,DAS
E028,Employee 28,1,S1,00:00-08:00,DAS
MEDIUM_E055,Medium Employee 055,1,S1,00:00-08:00,DAS
MEDIUM_E067,Medium Employee 067,1,S1,00:00-08:00,DAS
MEDIUM_E058,Medium Employee 058,1,S1,00:00-08:00,DS
MEDIUM_E061,Medium Employee 061,1,S1,00:00-08:00,DS
E048,Employee 48,1,S1,00:00-08:00,FSTC
MEDIUM_E066,Medium Employee 066,1,S1,00:00-08:00,FSTC
E024,Employee 24,1,S1,00:00-08:00,RS
MEDIUM_E054,Medium Employee 054,1,S1,00:00-08:00,RS
E042,Employee 42,1,S1,00:00-08:00,SLS
MEDIUM_E049,Medium Employee 049,1,S1,00:00-08:00,SLS
E036,Employee 36,1,S2,08:00-16:00,BLO
MEDIUM_E053,Medium Employee 053,1,S2,08:00-16:00,BLO
MEDIUM_E056,Medium Employee 056,1,S2,08:00-16:00,BLO
E003,Employee 3,1,S2,08:00-16:00,DAS
E007,Employee 7,1,S2,08:00-16:00,DAS
E011,Employee 11,1,S2,08:00-16:00,DAS
E015,Employee 15,1,S2,08:00-16:00,DAS
E019,Employee 19,1,S2,08:00-16:00,DAS
E029,Employee 29,1,S2,08:00-16:00,DAS
E040,Employee 40,1,S2,08:00-16:00,DAS
E046,Employee 46,1,S2,08:00-16:00,DAS
MEDIUM_E051,Medium Employee 051,1,S2,08:00-16:00,DAS
MEDIUM_E052,Medium Employee 052,1,S2,08:00-16:00,DAS
MEDIUM_E057,Medium Employee 057,1,S2,08:00-16:00,DAS
MEDIUM_E059,Medium Employee 059,1,S2,08:00-16:00,DAS
E041,Employee 41,1,S2,08:00-16:00,DS
MEDIUM_E064,Medium Employee 064,1,S2,08:00-16:00,DS
E026,Employee 26,1,S2,08:00-16:00,FSTC
E034,Employee 34,1,S2,08:00-16:00,FSTC
E023,Employee 23,1,S2,08:00-16:00,RS
E032,Employee 32,1,S2,08:00-16:00,RS
E001,Employee 1,1,S2,08:00-16:00,SLS
E017,Employee 17,1,S2,08:00-16:00,SLS
E004,Employee 4,1,S3,16:00-24:00,BLO
E044,Employee 44,1,S3,16:00-24:00,BLO
E047,Employee 47,1,S3,16:00-24:00,BLO
E002,Employee 2,1,S3,16:00-24:00,DAS
E014,Employee 14,1,S3,16:00-24:00,DAS
E018,Employee 18,1,S3,16:00-24:00,DAS
E020,Employee 20,1,S3,16:00-24:00,DAS
E021,Employee 21,1,S3,16:00-24:00,DAS
E031,Employee 31,1,S3,16:00-24:00,DAS
E038,Employee 38,1,S3,16:00-24:00,DAS
E045,Employee 45,1,S3,16:00-24:00,DAS
MEDIUM_E050,Medium Employee 050,1,S3,16:00-24:00,DAS
MEDIUM_E063,Medium Employee 063,1,S3,16:00-24:00,DAS
MEDIUM_E069,Medium Employee 069,1,S3,16:00-24:00,DAS
MEDIUM_E070,Medium Employee 070,1,S3,16:00-24:00,DAS
E010,Employee 10,1,S3,16:00-24:00,DS
E013,Employee 13,1,S3,16:00-24:00,DS
E033,Employee 33,1,S3,16:00-24:00,FSTC
E035,Employee 35,1,S3,16:00-24:00,FSTC
E006,Employee 6,1,S3,16:00-24:00,RS
E012,Employee 12,1,S3,16:00-24:00,RS
E025,Employee 25,1,S3,16:00-24:00,SLS
MEDIUM_E065,Medium Employee 065,1,S3,16:00-24:00,SLS
E005,Employee 5,2,S1,00:00-08:00,BLO
MEDIUM_E062,Medium Employee 062,2,S1,00:00-08:00,BLO
E009,Employee 9,2,S1,00:00-08:00,DAS
E022,Employee 22,2,S1,00:00-08:00,DAS
MEDIUM_E066,Medium Employee 066,2,S1,00:00-08:00,DAS
MEDIUM_E067,Medium Employee 067,2,S1,00:00-08:00,DAS
MEDIUM_E068,Medium Employee 068,2,S1,00:00-08:00,DAS
E016,Employee 16,2,S1,00:00-08:00,DS
MEDIUM_E058,Medium Employee 058,2,S1,00:00-08:00,DS
E030,Employee 30,2,S1,00:00-08:00,FSTC
E039,Employee 39,2,S1,00:00-08:00,FSTC
MEDIUM_E054,Medium Employee 054,2,S1,00:00-08:00,RS
MEDIUM_E060,Medium Employee 060,2,S1,00:00-08:00,RS
E043,Employee 43,2,S1,00:00-08:00,SLS
MEDIUM_E049,Medium Employee 049,2,S1,00:00-08:00,SLS
E008,Employee 8,2,S2,08:00-16:00,BLO
MEDIUM_E053,Medium Employee 053,2,S2,08:00-16:00,BLO
MEDIUM_E056,Medium Employee 056,2,S2,08:00-16:00,BLO
E003,Employee 3,2,S2,08:00-16:00,DAS
E007,Employee 7,2,S2,08:00-16:00,DAS
E011,Employee 11,2,S2,08:00-16:00,DAS
E029,Employee 29,2,S2,08:00-16:00,DAS
E036,Employee 36,2,S2,08:00-16:00,DAS
E040,Employee 40,2,S2,08:00-16:00,DAS
E046,Employee 46,2,S2,08:00-16:00,DAS
MEDIUM_E051,Medium Employee 051,2,S2,08:00-16:00,DAS
MEDIUM_E052,Medium Employee 052,2,S2,08:00-16:00,DAS
MEDIUM_E055,Medium Employee 055,2,S2,08:00-16:00,DAS
MEDIUM_E057,Medium Employee 057,2,S2,08:00-16:00,DAS
MEDIUM_E059,Medium Employee 059,2,S2,08:00-16:00,DAS
MEDIUM_E061,Medium Employee 061,2,S2,08:00-16:00,DS
MEDIUM_E064,Medium Employee 064,2,S2,08:00-16:00,DS
E026,Employee 26,2,S2,08:00-16:00,FSTC
E034,Employee 34,2,S2,08:00-16:00,FSTC
E024,Employee 24,2,S2,08:00-16:00,RS
E032,Employee 32,2,S2,08:00-16:00,RS
E001,Employee 1,2,S2,08:00-16:00,SLS
E042,Employee 42,2,S2,08:00-16:00,SLS
E041,Employee 41,2,S3,16:00-24:00,BLO
E044,Employee 44,2,S3,16:00-24:00,BLO
E002,Employee 2,2,S3,16:00-24:00,DAS
E015,Employee 15,2,S3,16:00-24:00,DAS
E019,Employee 19,2,S3,16:00-24:00,DAS
E021,Employee 21,2,S3,16:00-24:00,DAS
E028,Employee 28,2,S3,16:00-24:00,DAS
E031,Employee 31,2,S3,16:00-24:00,DAS
E037,Employee 37,2,S3,16:00-24:00,DAS
E038,Employee 38,2,S3,16:00-24:00,DAS
E047,Employee 47,2,S3,16:00-24:00,DAS
MEDIUM_E050,Medium Employee 050,2,S3,16:00-24:00,DAS
MEDIUM_E063,Medium Employee 063,2,S3,16:00-24:00,DAS
MEDIUM_E069,Medium Employee 069,2,S3,16:00-24:00,DAS
MEDIUM_E070,Medium Employee 070,2,S3,16:00-24:00,DAS
E010,Employee 10,2,S3,16:00-24:00,DS
E013,Employee 13,2,S3,16:00-24:00,DS
E035,Employee 35,2,S3,16:00-24:00,FSTC
E048,Employee 48,2,S3,16:00-24:00,FSTC
E006,Employee 6,2,S3,16:00-24:00,RS
E012,Employee 12,2,S3,16:00-24:00,RS
E025,Employee 25,2,S3,16:00-24:00,SLS
MEDIUM_E065,Medium Employee 065,2,S3,16:00-24:00,SLS
E005,Employee 5,3,S1,00:00-08:00,BLO
E014,Employee 14,3,S1,00:00-08:00,BLO
E020,Employee 20,3,S1,00:00-08:00,DAS
MEDIUM_E062,Medium Employee 062,3,S1,00:00-08:00,DAS
MEDIUM_E066,Medium Employee 066,3,S1,00:00-08:00,DAS
MEDIUM_E067,Medium Employee 067,3,S1,00:00-08:00,DAS
MEDIUM_E068,Medium Employee 068,3,S1,00:00-08:00,DAS
E027,Employee 27,3,S1,00:00-08:00,DS
MEDIUM_E058,Medium Employee 058,3,S1,00:00-08:00,DS
E018,Employee 18,3,S1,00:00-08:00,FSTC
E033,Employee 33,3,S1,00:00-08:00,FSTC
E023,Employee 23,3,S1,00:00-08:00,RS
MEDIUM_E054,Medium Employee 054,3,S1,00:00-08:00,RS
E017,Employee 17,3,S1,00:00-08:00,SLS
MEDIUM_E049,Medium Employee 049,3,S1,00:00-08:00,SLS
E008,Employee 8,3,S2,08:00-16:00,BLO
MEDIUM_E053,Medium Employee 053,3,S2,08:00-16:00,BLO
MEDIUM_E056,Medium Employee 056,3,S2,08:00-16:00,BLO
E003,Employee 3,3,S2,08:00-16:00,DAS
E004,Employee 4,3,S2,08:00-16:00,DAS
E007,Employee 7,3,S2,08:00-16:00,DAS
E011,Employee 11,3,S2,08:00-16:00,DAS
E029,Employee 29,3,S2,08:00-16:00,DAS
E034,Employee 34,3,S2,08:00-16:00,DAS
E036,Employee 36,3,S2,08:00-16:00,DAS
E040,Employee 40,3,S2,08:00-16:00,DAS
E045,Employee 45,3,S2,08:00-16:00,DAS
MEDIUM_E051,Medium Employee 051,3,S2,08:00-16:00,DAS
MEDIUM_E052,Medium Employee 052,3,S2,08:00-16:00,DAS
MEDIUM_E055,Medium Employee 055,3,S2,08:00-16:00,DAS
MEDIUM_E057,Medium Employee 057,3,S2,08:00-16:00,DAS
MEDIUM_E059,Medium Employee 059,3,S2,08:00-16:00,DAS
E016,Employee 16,3,S2,08:00-16:00,DS
MEDIUM_E064,Medium Employee 064,3,S2,08:00-16:00,DS
E026,Employee 26,3,S2,08:00-16:00,FSTC
E039,Employee 39,3,S2,08:00-16:00,FSTC
E024,Employee 24,3,S2,08:00-16:00,RS
E032,Employee 32,3,S2,08:00-16:00,RS
E001,Employee 1,3,S2,08:00-16:00,SLS
E042,Employee 42,3,S2,08:00-16:00,SLS
E041,Employee 41,3,S3,16:00-24:00,BLO
E044,Employee 44,3,S3,16:00-24:00,BLO
E047,Employee 47,3,S3,16:00-24:00,BLO
E015,Employee 15,3,S3,16:00-24:00,DAS
E022,Employee 22,3,S3,16:00-24:00,DAS
E028,Employee 28,3,S3,16:00-24:00,DAS
E031,Employee 31,3,S3,16:00-24:00,DAS
E038,Employee 38,3,S3,16:00-24:00,DAS
MEDIUM_E050,Medium Employee 050,3,S3,16:00-24:00,DAS
MEDIUM_E063,Medium Employee 063,3,S3,16:00-24:00,DAS
MEDIUM_E069,Medium Employee 069,3,S3,16:00-24:00,DAS
MEDIUM_E070,Medium Employee 070,3,S3,16:00-24:00,DAS
E013,Employee 13,3,S3,16:00-24:00,DS
MEDIUM_E061,Medium Employee 061,3,S3,16:00-24:00,DS
E030,Employee 30,3,S3,16:00-24:00,FSTC
E048,Employee 48,3,S3,16:00-24:00,FSTC
E006,Employee 6,3,S3,16:00-24:00,RS
E012,Employee 12,3,S3,16:00-24:00,RS
E043,Employee 43,3,S3,16:00-24:00,SLS
MEDIUM_E065,Medium Employee 065,3,S3,16:00-24:00,SLS
E014,Employee 14,4,S1,00:00-08:00,BLO
MEDIUM_E062,Medium Employee 062,4,S1,00:00-08:00,BLO
E002,Employee 2,4,S1,00:00-08:00,DAS
E018,Employee 18,4,S1,00:00-08:00,DAS
E019,Employee 19,4,S1,00:00-08:00,DAS
E020,Employee 20,4,S1,00:00-08:00,DAS
E037,Employee 37,4,S1,00:00-08:00,DAS
MEDIUM_E068,Medium Employee 068,4,S1,00:00-08:00,DAS
E027,Employee 27,4,S1,00:00-08:00,DS
MEDIUM_E058,Medium Employee 058,4,S1,00:00-08:00,DS
E033,Employee 33,4,S1,00:00-08:00,FSTC
E035,Employee 35,4,S1,00:00-08:00,FSTC
E023,Employee 23,4,S1,00:00-08:00,RS
MEDIUM_E060,Medium Employee 060,4,S1,00:00-08:00,RS
E005,Employee 5,4,S1,00:00-08:00,SLS
E025,Employee 25,4,S1,00:00-08:00,SLS
E008,Employee 8,4,S2,08:00-16:00,BLO
MEDIUM_E052,Medium Employee 052,4,S2,08:00-16:00,BLO
MEDIUM_E056,Medium Employee 056,4,S2,08:00-16:00,BLO
E003,Employee 3,4,S2,08:00-16:00,DAS
E004,Employee 4,4,S2,08:00-16:00,DAS
E007,Employee 7,4,S2,08:00-16:00,DAS
E009,Employee 9,4,S2,08:00-16:00,DAS
E011,Employee 11,4,S2,08:00-16:00,DAS
E021,Employee 21,4,S2,08:00-16:00,DAS
E040,Employee 40,4,S2,08:00-16:00,DAS
E042,Employee 42,4,S2,08:00-16:00,DAS
E045,Employee 45,4,S2,08:00-16:00,DAS
E046,Employee 46,4,S2,08:00-16:00,DAS
MEDIUM_E051,Medium Employee 051,4,S2,08:00-16:00,DAS
MEDIUM_E055,Medium Employee 055,4,S2,08:00-16:00,DAS
MEDIUM_E057,Medium Employee 057,4,S2,08:00-16:00,DAS
MEDIUM_E059,Medium Employee 059,4,S2,08:00-16:00,DAS
E016,Employee 16,4,S2,08:00-16:00,DS
MEDIUM_E064,Medium Employee 064,4,S2,08:00-16:00,DS
E034,Employee 34,4,S2,08:00-16:00,FSTC
E039,Employee 39,4,S2,08:00-16:00,FSTC
E024,Employee 24,4,S2,08:00-16:00,RS
E032,Employee 32,4,S2,08:00-16:00,RS
E001,Employee 1,4,S2,08:00-16:00,SLS
MEDIUM_E049,Medium Employee 049,4,S2,08:00-16:00,SLS
E041,Employee 41,4,S3,16:00-24:00,BLO
E047,Employee 47,4,S3,16:00-24:00,BLO
MEDIUM_E053,Medium Employee 053,4,S3,16:00-24:00,BLO
E010,Employee 10,4,S3,16:00-24:00,DAS
E015,Employee 15,4,S3,16:00-24:00,DAS
E022,Employee 22,4,S3,16:00-24:00,DAS
E028,Employee 28,4,S3,16:00-24:00,DAS
E031,Employee 31,4,S3,16:00-24:00,DAS
E038,Employee 38,4,S3,16:00-24:00,DAS
MEDIUM_E050,Medium Employee 050,4,S3,16:00-24:00,DAS
MEDIUM_E063,Medium Employee 063,4,S3,16:00-24:00,DAS
MEDIUM_E066,Medium Employee 066,4,S3,16:00-24:00,DAS
MEDIUM_E067,Medium Employee 067,4,S3,16:00-24:00,DAS
MEDIUM_E069,Medium Employee 069,4,S3,16:00-24:00,DAS
MEDIUM_E070,Medium Employee 070,4,S3,16:00-24:00,DAS
E013,Employee 13,4,S3,16:00-24:00,DS
MEDIUM_E061,Medium Employee 061,4,S3,16:00-24:00,DS
E030,Employee 30,4,S3,16:00-24:00,FSTC
E048,Employee 48,4,S3,16:00-24:00,FSTC
E012,Employee 12,4,S3,16:00-24:00,RS
MEDIUM_E054,Medium Employee 054,4,S3,16:00-24:00,RS
E043,Employee 43,4,S3,16:00-24:00,SLS
MEDIUM_E065,Medium Employee 065,4,S3,16:00-24:00,SLS
E044,Employee 44,5,S1,00:00-08:00,BLO
MEDIUM_E062,Medium Employee 062,5,S1,00:00-08:00,BLO
E002,Employee 2,5,S1,00:00-08:00,DAS
E019,Employee 19,5,S1,00:00-08:00,DAS
E026,Employee 26,5,S1,00:00-08:00,DAS
E029,Employee 29,5,S1,00:00-08:00,DAS
E037,Employee 37,5,S1,00:00-08:00,DAS
E027,Employee 27,5,S1,00:00-08:00,DS
MEDIUM_E058,Medium Employee 058,5,S1,00:00-08:00,DS
E033,Employee 33,5,S1,00:00-08:00,FSTC
E035,Employee 35,5,S1,00:00-08:00,FSTC
E006,Employee 6,5,S1,00:00-08:00,RS
MEDIUM_E060,Medium Employee 060,5,S1,00:00-08:00,RS
E017,Employee 17,5,S1,00:00-08:00,SLS
E025,Employee 25,5,S1,00:00-08:00,SLS
E004,Employee 4,5,S2,08:00-16:00,BLO
E005,Employee 5,5,S2,08:00-16:00,BLO
E008,Employee 8,5,S2,08:00-16:00,BLO
E007,Employee 7,5,S2,08:00-16:00,DAS
E009,Employee 9,5,S2,08:00-16:00,DAS
E011,Employee 11,5,S2,08:00-16:00,DAS
E014,Employee 14,5,S2,08:00-16:00,DAS
E020,Employee 20,5,S2,08:00-16:00,DAS
E036,Employee 36,5,S2,08:00-16:00,DAS
E045,Employee 45,5,S2,08:00-16:00,DAS
E046,Employee 46,5,S2,08:00-16:00,DAS
MEDIUM_E051,Medium Employee 051,5,S2,08:00-16:00,DAS
MEDIUM_E052,Medium Employee 052,5,S2,08:00-16:00,DAS
MEDIUM_E057,Medium Employee 057,5,S2,08:00-16:00,DAS
MEDIUM_E059,Medium Employee 059,5,S2,08:00-16:00,DAS
E016,Employee 16,5,S2,08:00-16:00,DS
MEDIUM_E064,Medium Employee 064,5,S2,08:00-16:00,DS
E034,Employee 34,5,S2,08:00-16:00,FSTC
E039,Employee 39,5,S2,08:00-16:00,FSTC
E024,Employee 24,5,S2,08:00-16:00,RS
E032,Employee 32,5,S2,08:00-16:00,RS
E001,Employee 1,5,S2,08:00-16:00,SLS
MEDIUM_E049,Medium Employee 049,5,S2,08:00-16:00,SLS
E041,Employee 41,5,S3,16:00-24:00,BLO
E047,Employee 47,5,S3,16:00-24:00,BLO
MEDIUM_E053,Medium Employee 053,5,S3,16:00-24:00,BLO
E018,Employee 18,5,S3,16:00-24:00,DAS
E021,Employee 21,5,S3,16:00-24:00,DAS
E022,Employee 22,5,S3,16:00-24:00,DAS
E028,Employee 28,5,S3,16:00-24:00,DAS
E031,Employee 31,5,S3,16:00-24:00,DAS
E038,Employee 38,5,S3,16:00-24:00,DAS
MEDIUM_E055,Medium Employee 055,5,S3,16:00-24:00,DAS
MEDIUM_E063,Medium Employee 063,5,S3,16:00-24:00,DAS
MEDIUM_E066,Medium Employee 066,5,S3,16:00-24:00,DAS
MEDIUM_E067,Medium Employee 067,5,S3,16:00-24:00,DAS
MEDIUM_E068,Medium Employee 068,5,S3,16:00-24:00,DAS
MEDIUM_E069,Medium Employee 069,5,S3,16:00-24:00,DAS
E010,Employee 10,5,S3,16:00-24:00,DS
MEDIUM_E061,Medium Employee 061,5,S3,16:00-24:00,DS
E030,Employee 30,5,S3,16:00-24:00,FSTC
E048,Employee 48,5,S3,16:00-24:00,FSTC
E012,Employee 12,5,S3,16:00-24:00,RS
E023,Employee 23,5,S3,16:00-24:00,RS
E043,Employee 43,5,S3,16:00-24:00,SLS
MEDIUM_E065,Medium Employee 065,5,S3,16:00-24:00,SLS
E044,Employee 44,6,S1,00:00-08:00,BLO
MEDIUM_E056,Medium Employee 056,6,S1,00:00-08:00,BLO
E003,Employee 3,6,S1,00:00-08:00,DAS
E019,Employee 19,6,S1,00:00-08:00,DAS
E027,Employee 27,6,S1,00:00-08:00,DAS
E029,Employee 29,6,S1,00:00-08:00,DAS
E040,Employee 40,6,S1,00:00-08:00,DAS
MEDIUM_E050,Medium Employee 050,6,S1,00:00-08:00,DAS
E013,Employee 13,6,S1,00:00-08:00,DS
MEDIUM_E058,Medium Employee 058,6,S1,00:00-08:00,DS
E035,Employee 35,6,S1,00:00-08:00,FSTC
E037,Employee 37,6,S1,00:00-08:00,FSTC
E012,Employee 12,6,S1,00:00-08:00,RS
MEDIUM_E060,Medium Employee 060,6,S1,00:00-08:00,RS
E042,Employee 42,6,S1,00:00-08:00,SLS
MEDIUM_E065,Medium Employee 065,6,S1,00:00-08:00,SLS
E005,Employee 5,6,S2,08:00-16:00,BLO
E008,Employee 8,6,S2,08:00-16:00,BLO
MEDIUM_E062,Medium Employee 062,6,S2,08:00-16:00,BLO
E004,Employee 4,6,S2,08:00-16:00,DAS
E007,Employee 7,6,S2,08:00-16:00,DAS
E009,Employee 9,6,S2,08:00-16:00,DAS
E011,Employee 11,6,S2,08:00-16:00,DAS
E026,Employee 26,6,S2,08:00-16:00,DAS
E036,Employee 36,6,S2,08:00-16:00,DAS
E045,Employee 45,6,S2,08:00-16:00,DAS
E046,Employee 46,6,S2,08:00-16:00,DAS
MEDIUM_E051,Medium Employee 051,6,S2,08:00-16:00,DAS
MEDIUM_E052,Medium Employee 052,6,S2,08:00-16:00,DAS
MEDIUM_E057,Medium Employee 057,6,S2,08:00-16:00,DAS
MEDIUM_E059,Medium Employee 059,6,S2,08:00-16:00,DAS
E016,Employee 16,6,S2,08:00-16:00,DS
MEDIUM_E064,Medium Employee 064,6,S2,08:00-16:00,DS
E034,Employee 34,6,S2,08:00-16:00,FSTC
E039,Employee 39,6,S2,08:00-16:00,FSTC
E006,Employee 6,6,S2,08:00-16:00,RS
E024,Employee 24,6,S2,08:00-16:00,RS
E001,Employee 1,6,S2,08:00-16:00,SLS
E025,Employee 25,6,S2,08:00-16:00,SLS
E041,Employee 41,6,S3,16:00-24:00,BLO
E047,Employee 47,6,S3,16:00-24:00,BLO
MEDIUM_E053,Medium Employee 053,6,S3,16:00-24:00,BLO
E002,Employee 2,6,S3,16:00-24:00,DAS
E015,Employee 15,6,S3,16:00-24:00,DAS
E018,Employee 18,6,S3,16:00-24:00,DAS
E022,Employee 22,6,S3,16:00-24:00,DAS
E028,Employee 28,6,S3,16:00-24:00,DAS
E031,Employee 31,6,S3,16:00-24:00,DAS
E038,Employee 38,6,S3,16:00-24:00,DAS
MEDIUM_E063,Medium Employee 063,6,S3,16:00-24:00,DAS
MEDIUM_E066,Medium Employee 066,6,S3,16:00-24:00,DAS
MEDIUM_E068,Medium Employee 068,6,S3,16:00-24:00,DAS
MEDIUM_E069,Medium Employee 069,6,S3,16:00-24:00,DAS
MEDIUM_E070,Medium Employee 070,6,S3,16:00-24:00,DAS
E010,Employee 10,6,S3,16:00-24:00,DS
MEDIUM_E061,Medium Employee 061,6,S3,16:00-24:00,DS
E030,Employee 30,6,S3,16:00-24:00,FSTC
E033,Employee 33,6,S3,16:00-24:00,FSTC
E023,Employee 23,6,S3,16:00-24:00,RS
MEDIUM_E054,Medium Employee 054,6,S3,16:00-24:00,RS
E017,Employee 17,6,S3,16:00-24:00,SLS
E043,Employee 43,6,S3,16:00-24:00,SLS
E014,Employee 14,7,S1,00:00-08:00,BLO
E044,Employee 44,7,S1,00:00-08:00,BLO
E020,Employee 20,7,S1,00:00-08:00,DAS
E029,Employee 29,7,S1,00:00-08:00,DAS
MEDIUM_E050,Medium Employee 050,7,S1,00:00-08:00,DAS
MEDIUM_E055,Medium Employee 055,7,S1,00:00-08:00,DAS
MEDIUM_E067,Medium Employee 067,7,S1,00:00-08:00,DAS
E013,Employee 13,7,S1,00:00-08:00,DS
E027,Employee 27,7,S1,00:00-08:00,DS
E037,Employee 37,7,S1,00:00-08:00,FSTC
MEDIUM_E056,Medium Employee 056,7,S1,00:00-08:00,FSTC
E012,Employee 12,7,S1,00:00-08:00,RS
MEDIUM_E060,Medium Employee 060,7,S1,00:00-08:00,RS
E042,Employee 42,7,S1,00:00-08:00,SLS
MEDIUM_E065,Medium Employee 065,7,S1,00:00-08:00,SLS
E004,Employee 4,7,S2,08:00-16:00,BLO
E005,Employee 5,7,S2,08:00-16:00,BLO
E008,Employee 8,7,S2,08:00-16:00,BLO
E003,Employee 3,7,S2,08:00-16:00,DAS
E007,Employee 7,7,S2,08:00-16:00,DAS
E009,Employee 9,7,S2,08:00-16:00,DAS
E011,Employee 11,7,S2,08:00-16:00,DAS
E019,Employee 19,7,S2,08:00-16:00,DAS
E036,Employee 36,7,S2,08:00-16:00,DAS
E045,Employee 45,7,S2,08:00-16:00,DAS
E046,Employee 46,7,S2,08:00-16:00,DAS
MEDIUM_E052,Medium Employee 052,7,S2,08:00-16:00,DAS
E016,Employee 16,7,S2,08:00-16:00,DS
E034,Employee 34,7,S2,08:00-16:00,DS
E026,Employee 26,7,S2,08:00-16:00,FSTC
E039,Employee 39,7,S2,08:00-16:00,FSTC
E006,Employee 6,7,S2,08:00-16:00,RS
E032,Employee 32,7,S2,08:00-16:00,RS
E001,Employee 1,7,S2,08:00-16:00,SLS
E025,Employee 25,7,S2,08:00-16:00,SLS
E047,Employee 47,7,S3,16:00-24:00,BLO
MEDIUM_E062,Medium Employee 062,7,S3,16:00-24:00,BLO
E002,Employee 2,7,S3,16:00-24:00,DAS
E015,Employee 15,7,S3,16:00-24:00,DAS
E018,Employee 18,7,S3,16:00-24:00,DAS
E021,Employee 21,7,S3,16:00-24:00,DAS
E022,Employee 22,7,S3,16:00-24:00,DAS
E028,Employee 28,7,S3,16:00-24:00,DAS
E038,Employee 38,7,S3,16:00-24:00,DAS
MEDIUM_E058,Medium Employee 058,7,S3,16:00-24:00,DAS
MEDIUM_E063,Medium Employee 063,7,S3,16:00-24:00,DAS
MEDIUM_E068,Medium Employee 068,7,S3,16:00-24:00,DAS
MEDIUM_E069,Medium Employee 069,7,S3,16:00-24:00,DAS
MEDIUM_E070,Medium Employee 070,7,S3,16:00-24:00,DAS
E010,Employee 10,7,S3,16:00-24:00,DS
E041,Employee 41,7,S3,16:00-24:00,DS
E030,Employee 30,7,S3,16:00-24:00,FSTC
E048,Employee 48,7,S3,16:00-24:00,FSTC
E023,Employee 23,7,S3,16:00-24:00,RS
MEDIUM_E054,Medium Employee 054,7,S3,16:00-24:00,RS
E017,Employee 17,7,S3,16:00-24:00,SLS
E043,Employee 43,7,S3,16:00-24:00,SLS
MEDIUM_E053,Medium Employee 053,8,S1,00:00-08:00,BLO
MEDIUM_E056,Medium Employee 056,8,S1,00:00-08:00,BLO
E020,Employee 20,8,S1,00:00-08:00,DAS
E031,Employee 31,8,S1,00:00-08:00,DAS
MEDIUM_E051,Medium Employee 051,8,S1,00:00-08:00,DAS
MEDIUM_E057,Medium Employee 057,8,S1,00:00-08:00,DAS
MEDIUM_E059,Medium Employee 059,8,S1,00:00-08:00,DAS
E027,Employee 27,8,S1,00:00-08:00,DS
MEDIUM_E061,Medium Employee 061,8,S1,00:00-08:00,DS
E037,Employee 37,8,S1,00:00-08:00,FSTC
MEDIUM_E066,Medium Employee 066,8,S1,00:00-08:00,FSTC
E012,Employee 12,8,S1,00:00-08:00,RS
MEDIUM_E060,Medium Employee 060,8,S1,00:00-08:00,RS
MEDIUM_E049,Medium Employee 049,8,S1,00:00-08:00,SLS
MEDIUM_E065,Medium Employee 065,8,S1,00:00-08:00,SLS
E005,Employee 5,8,S2,08:00-16:00,BLO
E014,Employee 14,8,S2,08:00-16:00,BLO
MEDIUM_E052,Medium Employee 052,8,S2,08:00-16:00,BLO
E003,Employee 3,8,S2,08:00-16:00,DAS
E007,Employee 7,8,S2,08:00-16:00,DAS
E009,Employee 9,8,S2,08:00-16:00,DAS
E011,Employee 11,8,S2,08:00-16:00,DAS
E019,Employee 19,8,S2,08:00-16:00,DAS
E026,Employee 26,8,S2,08:00-16:00,DAS
E029,Employee 29,8,S2,08:00-16:00,DAS
E040,Employee 40,8,S2,08:00-16:00,DAS
E045,Employee 45,8,S2,08:00-16:00,DAS
E046,Employee 46,8,S2,08:00-16:00,DAS
MEDIUM_E055,Medium Employee 055,8,S2,08:00-16:00,DAS
MEDIUM_E062,Medium Employee 062,8,S2,08:00-16:00,DAS
E016,Employee 16,8,S2,08:00-16:00,DS
MEDIUM_E064,Medium Employee 064,8,S2,08:00-16:00,DS
E008,Employee 8,8,S2,08:00-16:00,FSTC
E039,Employee 39,8,S2,08:00-16:00,FSTC
E024,Employee 24,8,S2,08:00-16:00,RS
E032,Employee 32,8,S2,08:00-16:00,RS
E001,Employee 1,8,S2,08:00-16:00,SLS
E042,Employee 42,8,S2,08:00-16:00,SLS
E041,Employee 41,8,S3,16:00-24:00,BLO
E044,Employee 44,8,S3,16:00-24:00,BLO
E047,Employee 47,8,S3,16:00-24:00,BLO
E015,Employee 15,8,S3,16:00-24:00,DAS
E018,Employee 18,8,S3,16:00-24:00,DAS
E021,Employee 21,8,S3,16:00-24:00,DAS
E022,Employee 22,8,S3,16:00-24:00,DAS
E028,Employee 28,8,S3,16:00-24:00,DAS
E038,Employee 38,8,S3,16:00-24:00,DAS
MEDIUM_E050,Medium Employee 050,8,S3,16:00-24:00,DAS
MEDIUM_E063,Medium Employee 063,8,S3,16:00-24:00,DAS
MEDIUM_E067,Medium Employee 067,8,S3,16:00-24:00,DAS
MEDIUM_E068,Medium Employee 068,8,S3,16:00-24:00,DAS
MEDIUM_E069,Medium Employee 069,8,S3,16:00-24:00,DAS
MEDIUM_E070,Medium Employee 070,8,S3,16:00-24:00,DAS
E010,Employee 10,8,S3,16:00-24:00,DS
E013,Employee 13,8,S3,16:00-24:00,DS
E033,Employee 33,8,S3,16:00-24:00,FSTC
E048,Employee 48,8,S3,16:00-24:00,FSTC
E006,Employee 6,8,S3,16:00-24:00,RS
E023,Employee 23,8,S3,16:00-24:00,RS
E017,Employee 17,8,S3,16:00-24:00,SLS
E025,Employee 25,8,S3,16:00-24:00,SLS
E004,Employee 4,9,S1,00:00-08:00,BLO
MEDIUM_E056,Medium Employee 056,9,S1,00:00-08:00,BLO
E020,Employee 20,9,S1,00:00-08:00,DAS
E031,Employee 31,9,S1,00:00-08:00,DAS
E036,Employee 36,9,S1,00:00-08:00,DAS
MEDIUM_E051,Medium Employee 051,9,S1,00:00-08:00,DAS
MEDIUM_E057,Medium Employee 057,9,S1,00:00-08:00,DAS
MEDIUM_E058,Medium Employee 058,9,S1,00:00-08:00,DS
MEDIUM_E061,Medium Employee 061,9,S1,00:00-08:00,DS
E030,Employee 30,9,S1,00:00-08:00,FSTC
E037,Employee 37,9,S1,00:00-08:00,FSTC
MEDIUM_E054,Medium Employee 054,9,S1,00:00-08:00,RS
MEDIUM_E060,Medium Employee 060,9,S1,00:00-08:00,RS
MEDIUM_E049,Medium Employee 049,9,S1,00:00-08:00,SLS
MEDIUM_E065,Medium Employee 065,9,S1,00:00-08:00,SLS
E005,Employee 5,9,S2,08:00-16:00,BLO
E008,Employee 8,9,S2,08:00-16:00,BLO
E002,Employee 2,9,S2,08:00-16:00,DAS
E007,Employee 7,9,S2,08:00-16:00,DAS
E009,Employee 9,9,S2,08:00-16:00,DAS
E011,Employee 11,9,S2,08:00-16:00,DAS
E014,Employee 14,9,S2,08:00-16:00,DAS
E019,Employee 19,9,S2,08:00-16:00,DAS
E040,Employee 40,9,S2,08:00-16:00,DAS
E045,Employee 45,9,S2,08:00-16:00,DAS
E046,Employee 46,9,S2,08:00-16:00,DAS
MEDIUM_E052,Medium Employee 052,9,S2,08:00-16:00,DAS
MEDIUM_E055,Medium Employee 055,9,S2,08:00-16:00,DAS
MEDIUM_E059,Medium Employee 059,9,S2,08:00-16:00,DAS
E034,Employee 34,9,S2,08:00-16:00,DS
MEDIUM_E064,Medium Employee 064,9,S2,08:00-16:00,DS
E026,Employee 26,9,S2,08:00-16:00,FSTC
E039,Employee 39,9,S2,08:00-16:00,FSTC
E024,Employee 24,9,S2,08:00-16:00,RS
E032,Employee 32,9,S2,08:00-16:00,RS
E001,Employee 1,9,S2,08:00-16:00,SLS
E042,Employee 42,9,S2,08:00-16:00,SLS
E041,Employee 41,9,S3,16:00-24:00,BLO
MEDIUM_E053,Medium Employee 053,9,S3,16:00-24:00,BLO
E015,Employee 15,9,S3,16:00-24:00,DAS
E021,Employee 21,9,S3,16:00-24:00,DAS
E022,Employee 22,9,S3,16:00-24:00,DAS
E028,Employee 28,9,S3,16:00-24:00,DAS
E038,Employee 38,9,S3,16:00-24:00,DAS
MEDIUM_E050,Medium Employee 050,9,S3,16:00-24:00,DAS
MEDIUM_E063,Medium Employee 063,9,S3,16:00-24:00,DAS
MEDIUM_E066,Medium Employee 066,9,S3,16:00-24:00,DAS
MEDIUM_E067,Medium Employee 067,9,S3,16:00-24:00,DAS
MEDIUM_E068,Medium Employee 068,9,S3,16:00-24:00,DAS
MEDIUM_E069,Medium Employee 069,9,S3,16:00-24:00,DAS
MEDIUM_E070,Medium Employee 070,9,S3,16:00-24:00,DAS
E010,Employee 10,9,S3,16:00-24:00,DS
E013,Employee 13,9,S3,16:00-24:00,DS
E035,Employee 35,9,S3,16:00-24:00,FSTC
E048,Employee 48,9,S3,16:00-24:00,FSTC
E006,Employee 6,9,S3,16:00-24:00,RS
E012,Employee 12,9,S3,16:00-24:00,RS
E025,Employee 25,9,S3,16:00-24:00,SLS
E043,Employee 43,9,S3,16:00-24:00,SLS
E044,Employee 44,10,S1,00:00-08:00,BLO
MEDIUM_E056,Medium Employee 056,10,S1,00:00-08:00,BLO
E027,Employee 27,10,S1,00:00-08:00,DAS
E031,Employee 31,10,S1,00:00-08:00,DAS
E036,Employee 36,10,S1,00:00-08:00,DAS
E047,Employee 47,10,S1,00:00-08:00,DAS
MEDIUM_E051,Medium Employee 051,10,S1,00:00-08:00,DAS
MEDIUM_E057,Medium Employee 057,10,S1,00:00-08:00,DAS
MEDIUM_E058,Medium Employee 058,10,S1,00:00-08:00,DS
MEDIUM_E061,Medium Employee 061,10,S1,00:00-08:00,DS
E018,Employee 18,10,S1,00:00-08:00,FSTC
E030,Employee 30,10,S1,00:00-08:00,FSTC
E023,Employee 23,10,S1,00:00-08:00,RS
MEDIUM_E054,Medium Employee 054,10,S1,00:00-08:00,RS
E017,Employee 17,10,S1,00:00-08:00,SLS
MEDIUM_E049,Medium Employee 049,10,S1,00:00-08:00,SLS
E005,Employee 5,10,S2,08:00-16:00,BLO
E008,Employee 8,10,S2,08:00-16:00,BLO
E003,Employee 3,10,S2,08:00-16:00,DAS
E004,Employee 4,10,S2,08:00-16:00,DAS
E007,Employee 7,10,S2,08:00-16:00,DAS
E009,Employee 9,10,S2,08:00-16:00,DAS
E011,Employee 11,10,S2,08:00-16:00,DAS
E014,Employee 14,10,S2,08:00-16:00,DAS
E020,Employee 20,10,S2,08:00-16:00,DAS
E026,Employee 26,10,S2,08:00-16:00,DAS
E029,Employee 29,10,S2,08:00-16:00,DAS
E040,Employee 40,10,S2,08:00-16:00,DAS
E045,Employee 45,10,S2,08:00-16:00,DAS
MEDIUM_E052,Medium Employee 052,10,S2,08:00-16:00,DAS
MEDIUM_E055,Medium Employee 055,10,S2,08:00-16:00,DAS
MEDIUM_E062,Medium Employee 062,10,S2,08:00-16:00,DAS
E016,Employee 16,10,S2,08:00-16:00,DS
MEDIUM_E064,Medium Employee 064,10,S2,08:00-16:00,DS
E034,Employee 34,10,S2,08:00-16:00,FSTC
E039,Employee 39,10,S2,08:00-16:00,FSTC
E024,Employee 24,10,S2,08:00-16:00,RS
E032,Employee 32,10,S2,08:00-16:00,RS
E001,Employee 1,10,S2,08:00-16:00,SLS
E042,Employee 42,10,S2,08:00-16:00,SLS
E041,Employee 41,10,S3,16:00-24:00,BLO
MEDIUM_E053,Medium Employee 053,10,S3,16:00-24:00,BLO
E002,Employee 2,10,S3,16:00-24:00,DAS
E015,Employee 15,10,S3,16:00-24:00,DAS
E019,Employee 19,10,S3,16:00-24:00,DAS
E021,Employee 21,10,S3,16:00-24:00,DAS
E028,Employee 28,10,S3,16:00-24:00,DAS
E038,Employee 38,10,S3,16:00-24:00,DAS
MEDIUM_E050,Medium Employee 050,10,S3,16:00-24:00,DAS
MEDIUM_E059,Medium Employee 059,10,S3,16:00-24:00,DAS
MEDIUM_E063,Medium Employee 063,10,S3,16:00-24:00,DAS
MEDIUM_E066,Medium Employee 066,10,S3,16:00-24:00,DAS
MEDIUM_E067,Medium Employee 067,10,S3,16:00-24:00,DAS
MEDIUM_E068,Medium Employee 068,10,S3,16:00-24:00,DAS
E010,Employee 10,10,S3,16:00-24:00,DS
E013,Employee 13,10,S3,16:00-24:00,DS
E033,Employee 33,10,S3,16:00-24:00,FSTC
E048,Employee 48,10,S3,16:00-24:00,FSTC
E006,Employee 6,10,S3,16:00-24:00,RS
E012,Employee 12,10,S3,16:00-24:00,RS
E043,Employee 43,10,S3,16:00-24:00,SLS
MEDIUM_E065,Medium Employee 065,10,S3,16:00-24:00,SLS
MEDIUM_E053,Medium Employee 053,11,S1,00:00-08:00,BLO
MEDIUM_E056,Medium Employee 056,11,S1,00:00-08:00,BLO
E046,Employee 46,11,S1,00:00-08:00,DAS
MEDIUM_E051,Medium Employee 051,11,S1,00:00-08:00,DAS
MEDIUM_E057,Medium Employee 057,11,S1,00:00-08:00,DAS
MEDIUM_E070,Medium Employee 070,11,S1,00:00-08:00,DAS
E027,Employee 27,11,S1,00:00-08:00,DS
MEDIUM_E058,Medium Employee 058,11,S1,00:00-08:00,DS
E018,Employee 18,11,S1,00:00-08:00,FSTC
E037,Employee 37,11,S1,00:00-08:00,FSTC
E023,Employee 23,11,S1,00:00-08:00,RS
MEDIUM_E060,Medium Employee 060,11,S1,00:00-08:00,RS
E017,Employee 17,11,S1,00:00-08:00,SLS
E025,Employee 25,11,S1,00:00-08:00,SLS
E044,Employee 44,11,S2,08:00-16:00,BLO
MEDIUM_E062,Medium Employee 062,11,S2,08:00-16:00,BLO
E003,Employee 3,11,S2,08:00-16:00,DAS
E007,Employee 7,11,S2,08:00-16:00,DAS
E009,Employee 9,11,S2,08:00-16:00,DAS
E011,Employee 11,11,S2,08:00-16:00,DAS
E014,Employee 14,11,S2,08:00-16:00,DAS
E026,Employee 26,11,S2,08:00-16:00,DAS
E029,Employee 29,11,S2,08:00-16:00,DAS
E036,Employee 36,11,S2,08:00-16:00,DAS
E040,Employee 40,11,S2,08:00-16:00,DAS
E045,Employee 45,11,S2,08:00-16:00,DAS
MEDIUM_E052,Medium Employee 052,11,S2,08:00-16:00,DAS
MEDIUM_E055,Medium Employee 055,11,S2,08:00-16:00,DAS
E016,Employee 16,11,S2,08:00-16:00,DS
E034,Employee 34,11,S2,08:00-16:00,DS
E035,Employee 35,11,S2,08:00-16:00,FSTC
E039,Employee 39,11,S2,08:00-16:00,FSTC
E024,Employee 24,11,S2,08:00-16:00,RS
E032,Employee 32,11,S2,08:00-16:00,RS
E001,Employee 1,11,S2,08:00-16:00,SLS
E042,Employee 42,11,S2,08:00-16:00,SLS
E041,Employee 41,11,S3,16:00-24:00,BLO
E047,Employee 47,11,S3,16:00-24:00,BLO
E002,Employee 2,11,S3,16:00-24:00,DAS
E015,Employee 15,11,S3,16:00-24:00,DAS
E019,Employee 19,11,S3,16:00-24:00,DAS
E022,Employee 22,11,S3,16:00-24:00,DAS
E028,Employee 28,11,S3,16:00-24:00,DAS
E031,Employee 31,11,S3,16:00-24:00,DAS
E038,Employee 38,11,S3,16:00-24:00,DAS
MEDIUM_E050,Medium Employee 050,11,S3,16:00-24:00,DAS
MEDIUM_E059,Medium Employee 059,11,S3,16:00-24:00,DAS
MEDIUM_E063,Medium Employee 063,11,S3,16:00-24:00,DAS
MEDIUM_E066,Medium Employee 066,11,S3,16:00-24:00,DAS
MEDIUM_E067,Medium Employee 067,11,S3,16:00-24:00,DAS
MEDIUM_E068,Medium Employee 068,11,S3,16:00-24:00,DAS
MEDIUM_E069,Medium Employee 069,11,S3,16:00-24:00,DAS
E013,Employee 13,11,S3,16:00-24:00,DS
MEDIUM_E061,Medium Employee 061,11,S3,16:00-24:00,DS
E033,Employee 33,11,S3,16:00-24:00,FSTC
E048,Employee 48,11,S3,16:00-24:00,FSTC
E012,Employee 12,11,S3,16:00-24:00,RS
MEDIUM_E054,Medium Employee 054,11,S3,16:00-24:00,RS
E043,Employee 43,11,S3,16:00-24:00,SLS
MEDIUM_E065,Medium Employee 065,11,S3,16:00-24:00,SLS
MEDIUM_E053,Medium Employee 053,12,S1,00:00-08:00,BLO
MEDIUM_E056,Medium Employee 056,12,S1,00:00-08:00,BLO
E004,Employee 4,12,S1,00:00-08:00,DAS
E020,Employee 20,12,S1,00:00-08:00,DAS
E021,Employee 21,12,S1,00:00-08:00,DAS
E046,Employee 46,12,S1,00:00-08:00,DAS
MEDIUM_E057,Medium Employee 057,12,S1,00:00-08:00,DAS
MEDIUM_E070,Medium Employee 070,12,S1,00:00-08:00,DAS
E010,Employee 10,12,S1,00:00-08:00,DS
MEDIUM_E064,Medium Employee 064,12,S1,00:00-08:00,DS
E030,Employee 30,12,S1,00:00-08:00,FSTC
E037,Employee 37,12,S1,00:00-08:00,FSTC
E006,Employee 6,12,S1,00:00-08:00,RS
MEDIUM_E060,Medium Employee 060,12,S1,00:00-08:00,RS
E017,Employee 17,12,S1,00:00-08:00,SLS
E025,Employee 25,12,S1,00:00-08:00,SLS
E005,Employee 5,12,S2,08:00-16:00,BLO
E008,Employee 8,12,S2,08:00-16:00,BLO
E003,Employee 3,12,S2,08:00-16:00,DAS
E007,Employee 7,12,S2,08:00-16:00,DAS
E009,Employee 9,12,S2,08:00-16:00,DAS
E014,Employee 14,12,S2,08:00-16:00,DAS
E029,Employee 29,12,S2,08:00-16:00,DAS
E034,Employee 34,12,S2,08:00-16:00,DAS
E036,Employee 36,12,S2,08:00-16:00,DAS
E040,Employee 40,12,S2,08:00-16:00,DAS
E045,Employee 45,12,S2,08:00-16:00,DAS
MEDIUM_E051,Medium Employee 051,12,S2,08:00-16:00,DAS
MEDIUM_E055,Medium Employee 055,12,S2,08:00-16:00,DAS
MEDIUM_E062,Medium Employee 062,12,S2,08:00-16:00,DAS
E016,Employee 16,12,S2,08:00-16:00,DS
E027,Employee 27,12,S2,08:00-16:00,DS
E035,Employee 35,12,S2,08:00-16:00,FSTC
E039,Employee 39,12,S2,08:00-16:00,FSTC
E024,Employee 24,12,S2,08:00-16:00,RS
E032,Employee 32,12,S2,08:00-16:00,RS
E001,Employee 1,12,S2,08:00-16:00,SLS
MEDIUM_E049,Medium Employee 049,12,S2,08:00-16:00,SLS
E041,Employee 41,12,S3,16:00-24:00,BLO
E044,Employee 44,12,S3,16:00-24:00,BLO
E002,Employee 2,12,S3,16:00-24:00,DAS
E015,Employee 15,12,S3,16:00-24:00,DAS
E019,Employee 19,12,S3,16:00-24:00,DAS
E022,Employee 22,12,S3,16:00-24:00,DAS
E031,Employee 31,12,S3,16:00-24:00,DAS
E038,Employee 38,12,S3,16:00-24:00,DAS
MEDIUM_E050,Medium Employee 050,12,S3,16:00-24:00,DAS
MEDIUM_E059,Medium Employee 059,12,S3,16:00-24:00,DAS
MEDIUM_E063,Medium Employee 063,12,S3,16:00-24:00,DAS
MEDIUM_E067,Medium Employee 067,12,S3,16:00-24:00,DAS
MEDIUM_E068,Medium Employee 068,12,S3,16:00-24:00,DAS
MEDIUM_E069,Medium Employee 069,12,S3,16:00-24:00,DAS
MEDIUM_E058,Medium Employee 058,12,S3,16:00-24:00,DS
MEDIUM_E061,Medium Employee 061,12,S3,16:00-24:00,DS
E048,Employee 48,12,S3,16:00-24:00,FSTC
MEDIUM_E066,Medium Employee 066,12,S3,16:00-24:00,FSTC
E012,Employee 12,12,S3,16:00-24:00,RS
E023,Employee 23,12,S3,16:00-24:00,RS
E042,Employee 42,12,S3,16:00-24:00,SLS
E043,Employee 43,12,S3,16:00-24:00,SLS
MEDIUM_E052,Medium Employee 052,13,S1,00:00-08:00,BLO
MEDIUM_E056,Medium Employee 056,13,S1,00:00-08:00,BLO
E004,Employee 4,13,S1,00:00-08:00,DAS
E011,Employee 11,13,S1,00:00-08:00,DAS
E020,Employee 20,13,S1,00:00-08:00,DAS
E046,Employee 46,13,S1,00:00-08:00,DAS
MEDIUM_E070,Medium Employee 070,13,S1,00:00-08:00,DAS
E013,Employee 13,13,S1,00:00-08:00,DS
MEDIUM_E064,Medium Employee 064,13,S1,00:00-08:00,DS
E018,Employee 18,13,S1,00:00-08:00,FSTC
E047,Employee 47,13,S1,00:00-08:00,FSTC
E006,Employee 6,13,S1,00:00-08:00,RS
E032,Employee 32,13,S1,00:00-08:00,RS
E042,Employee 42,13,S1,00:00-08:00,SLS
MEDIUM_E065,Medium Employee 065,13,S1,00:00-08:00,SLS
E005,Employee 5,13,S2,08:00-16:00,BLO
MEDIUM_E053,Medium Employee 053,13,S2,08:00-16:00,BLO
E003,Employee 3,13,S2,08:00-16:00,DAS
E009,Employee 9,13,S2,08:00-16:00,DAS
E026,Employee 26,13,S2,08:00-16:00,DAS
E029,Employee 29,13,S2,08:00-16:00,DAS
E036,Employee 36,13,S2,08:00-16:00,DAS
E040,Employee 40,13,S2,08:00-16:00,DAS
E045,Employee 45,13,S2,08:00-16:00,DAS
MEDIUM_E051,Medium Employee 051,13,S2,08:00-16:00,DAS
MEDIUM_E062,Medium Employee 062,13,S2,08:00-16:00,DAS
E016,Employee 16,13,S2,08:00-16:00,DS
E034,Employee 34,13,S2,08:00-16:00,DS
E037,Employee 37,13,S2,08:00-16:00,FSTC
E039,Employee 39,13,S2,08:00-16:00,FSTC
E024,Employee 24,13,S2,08:00-16:00,RS
MEDIUM_E054,Medium Employee 054,13,S2,08:00-16:00,RS
E001,Employee 1,13,S2,08:00-16:00,SLS
E025,Employee 25,13,S2,08:00-16:00,SLS
E008,Employee 8,13,S3,16:00-24:00,BLO
E044,Employee 44,13,S3,16:00-24:00,BLO
E002,Employee 2,13,S3,16:00-24:00,DAS
E015,Employee 15,13,S3,16:00-24:00,DAS
E019,Employee 19,13,S3,16:00-24:00,DAS
E021,Employee 21,13,S3,16:00-24:00,DAS
E022,Employee 22,13,S3,16:00-24:00,DAS
E028,Employee 28,13,S3,16:00-24:00,DAS
E031,Employee 31,13,S3,16:00-24:00,DAS
MEDIUM_E050,Medium Employee 050,13,S3,16:00-24:00,DAS
MEDIUM_E066,Medium Employee 066,13,S3,16:00-24:00,DAS
MEDIUM_E067,Medium Employee 067,13,S3,16:00-24:00,DAS
MEDIUM_E068,Medium Employee 068,13,S3,16:00-24:00,DAS
MEDIUM_E069,Medium Employee 069,13,S3,16:00-24:00,DAS
E010,Employee 10,13,S3,16:00-24:00,DS
MEDIUM_E061,Medium Employee 061,13,S3,16:00-24:00,DS
E033,Employee 33,13,S3,16:00-24:00,FSTC
E035,Employee 35,13,S3,16:00-24:00,FSTC
E023,Employee 23,13,S3,16:00-24:00,RS
MEDIUM_E060,Medium Employee 060,13,S3,16:00-24:00,RS
E017,Employee 17,13,S3,16:00-24:00,SLS
E043,Employee 43,13,S3,16:00-24:00,SLS
E014,Employee 14,14,S1,00:00-08:00,BLO
MEDIUM_E052,Medium Employee 052,14,S1,00:00-08:00,BLO
E004,Employee 4,14,S1,00:00-08:00,DAS
E011,Employee 11,14,S1,00:00-08:00,DAS
E042,Employee 42,14,S1,00:00-08:00,DAS
E047,Employee 47,14,S1,00:00-08:00,DAS
MEDIUM_E055,Medium Employee 055,14,S1,00:00-08:00,DAS
E041,Employee 41,14,S1,00:00-08:00,DS
MEDIUM_E064,Medium Employee 064,14,S1,00:00-08:00,DS
E030,Employee 30,14,S1,00:00-08:00,FSTC
E048,Employee 48,14,S1,00:00-08:00,FSTC
E006,Employee 6,14,S1,00:00-08:00,RS
E032,Employee 32,14,S1,00:00-08:00,RS
MEDIUM_E049,Medium Employee 049,14,S1,00:00-08:00,SLS
MEDIUM_E065,Medium Employee 065,14,S1,00:00-08:00,SLS
E005,Employee 5,14,S2,08:00-16:00,BLO
MEDIUM_E056,Medium Employee 056,14,S2,08:00-16:00,BLO
E003,Employee 3,14,S2,08:00-16:00,DAS
E007,Employee 7,14,S2,08:00-16:00,DAS
E009,Employee 9,14,S2,08:00-16:00,DAS
E020,Employee 20,14,S2,08:00-16:00,DAS
E027,Employee 27,14,S2,08:00-16:00,DAS
E029,Employee 29,14,S2,08:00-16:00,DAS
E036,Employee 36,14,S2,08:00-16:00,DAS
E037,Employee 37,14,S2,08:00-16:00,DAS
E040,Employee 40,14,S2,08:00-16:00,DAS
E046,Employee 46,14,S2,08:00-16:00,DAS
MEDIUM_E059,Medium Employee 059,14,S2,08:00-16:00,DAS
MEDIUM_E062,Medium Employee 062,14,S2,08:00-16:00,DAS
E016,Employee 16,14,S2,08:00-16:00,DS
E034,Employee 34,14,S2,08:00-16:00,DS
E026,Employee 26,14,S2,08:00-16:00,FSTC
E039,Employee 39,14,S2,08:00-16:00,FSTC
E012,Employee 12,14,S2,08:00-16:00,RS
MEDIUM_E054,Medium Employee 054,14,S2,08:00-16:00,RS
E001,Employee 1,14,S2,08:00-16:00,SLS
E025,Employee 25,14,S2,08:00-16:00,SLS
E008,Employee 8,14,S3,16:00-24:00,BLO
E044,Employee 44,14,S3,16:00-24:00,BLO
E002,Employee 2,14,S3,16:00-24:00,DAS
E015,Employee 15,14,S3,16:00-24:00,DAS
E019,Employee 19,14,S3,16:00-24:00,DAS
E021,Employee 21,14,S3,16:00-24:00,DAS
E022,Employee 22,14,S3,16:00-24:00,DAS
E028,Employee 28,14,S3,16:00-24:00,DAS
E038,Employee 38,14,S3,16:00-24:00,DAS
MEDIUM_E050,Medium Employee 050,14,S3,16:00-24:00,DAS
MEDIUM_E051,Medium Employee 051,14,S3,16:00-24:00,DAS
MEDIUM_E063,Medium Employee 063,14,S3,16:00-24:00,DAS
MEDIUM_E069,Medium Employee 069,14,S3,16:00-24:00,DAS
MEDIUM_E070,Medium Employee 070,14,S3,16:00-24:00,DAS
E010,Employee 10,14,S3,16:00-24:00,DS
MEDIUM_E061,Medium Employee 061,14,S3,16:00-24:00,DS
E033,Employee 33,14,S3,16:00-24:00,FSTC
E035,Employee 35,14,S3,16:00-24:00,FSTC
E023,Employee 23,14,S3,16:00-24:00,RS
MEDIUM_E060,Medium Employee 060,14,S3,16:00-24:00,RS
E017,Employee 17,14,S3,16:00-24:00,SLS
E043,Employee 43,14,S3,16:00-24:00,SLS
E047,Employee 47,15,S1,00:00-08:00,BLO
MEDIUM_E053,Medium Employee 053,15,S1,00:00-08:00,BLO
E018,Employee 18,15,S1,00:00-08:00,DAS
E031,Employee 31,15,S1,00:00-08:00,DAS
MEDIUM_E055,Medium Employee 055,15,S1,00:00-08:00,DAS
MEDIUM_E057,Medium Employee 057,15,S1,00:00-08:00,DAS
MEDIUM_E067,Medium Employee 067,15,S1,00:00-08:00,DAS
MEDIUM_E068,Medium Employee 068,15,S1,00:00-08:00,DAS
E013,Employee 13,15,S1,00:00-08:00,DS
E041,Employee 41,15,S1,00:00-08:00,DS
E048,Employee 48,15,S1,00:00-08:00,FSTC
MEDIUM_E066,Medium Employee 066,15,S1,00:00-08:00,FSTC
E024,Employee 24,15,S1,00:00-08:00,RS
E032,Employee 32,15,S1,00:00-08:00,RS
E042,Employee 42,15,S1,00:00-08:00,SLS
MEDIUM_E049,Medium Employee 049,15,S1,00:00-08:00,SLS
MEDIUM_E052,Medium Employee 052,15,S2,08:00-16:00,BLO
MEDIUM_E056,Medium Employee 056,15,S2,08:00-16:00,BLO
E003,Employee 3,15,S2,08:00-16:00,DAS
E004,Employee 4,15,S2,08:00-16:00,DAS
E007,Employee 7,15,S2,08:00-16:00,DAS
E009,Employee 9,15,S2,08:00-16:00,DAS
E011,Employee 11,15,S2,08:00-16:00,DAS
E014,Employee 14,15,S2,08:00-16:00,DAS
E020,Employee 20,15,S2,08:00-16:00,DAS
E037,Employee 37,15,S2,08:00-16:00,DAS
E045,Employee 45,15,S2,08:00-16:00,DAS
E046,Employee 46,15,S2,08:00-16:00,DAS
MEDIUM_E059,Medium Employee 059,15,S2,08:00-16:00,DAS
MEDIUM_E062,Medium Employee 062,15,S2,08:00-16:00,DAS
MEDIUM_E058,Medium Employee 058,15,S2,08:00-16:00,DS
MEDIUM_E064,Medium Employee 064,15,S2,08:00-16:00,DS
E026,Employee 26,15,S2,08:00-16:00,FSTC
E034,Employee 34,15,S2,08:00-16:00,FSTC
E006,Employee 6,15,S2,08:00-16:00,RS
MEDIUM_E054,Medium Employee 054,15,S2,08:00-16:00,RS
E001,Employee 1,15,S2,08:00-16:00,SLS
E025,Employee 25,15,S2,08:00-16:00,SLS
E005,Employee 5,15,S3,16:00-24:00,BLO
E044,Employee 44,15,S3,16:00-24:00,BLO
E002,Employee 2,15,S3,16:00-24:00,DAS
E015,Employee 15,15,S3,16:00-24:00,DAS
E019,Employee 19,15,S3,16:00-24:00,DAS
E021,Employee 21,15,S3,16:00-24:00,DAS
E038,Employee 38,15,S3,16:00-24:00,DAS
MEDIUM_E050,Medium Employee 050,15,S3,16:00-24:00,DAS
MEDIUM_E063,Medium Employee 063,15,S3,16:00-24:00,DAS
MEDIUM_E069,Medium Employee 069,15,S3,16:00-24:00,DAS
MEDIUM_E070,Medium Employee 070,15,S3,16:00-24:00,DAS
E010,Employee 10,15,S3,16:00-24:00,DS
MEDIUM_E061,Medium Employee 061,15,S3,16:00-24:00,DS
E033,Employee 33,15,S3,16:00-24:00,FSTC
E035,Employee 35,15,S3,16:00-24:00,FSTC
E012,Employee 12,15,S3,16:00-24:00,RS
E023,Employee 23,15,S3,16:00-24:00,RS
E017,Employee 17,15,S3,16:00-24:00,SLS
MEDIUM_E065,Medium Employee 065,15,S3,16:00-24:00,SLS
E008,Employee 8,16,S1,00:00-08:00,BLO
E036,Employee 36,16,S1,00:00-08:00,BLO
E029,Employee 29,16,S1,00:00-08:00,DAS
E047,Employee 47,16,S1,00:00-08:00,DAS
MEDIUM_E051,Medium Employee 051,16,S1,00:00-08:00,DAS
MEDIUM_E055,Medium Employee 055,16,S1,00:00-08:00,DAS
MEDIUM_E067,Medium Employee 067,16,S1,00:00-08:00,DAS
E016,Employee 16,16,S1,00:00-08:00,DS
E041,Employee 41,16,S1,00:00-08:00,DS
E018,Employee 18,16,S1,00:00-08:00,FSTC
E030,Employee 30,16,S1,00:00-08:00,FSTC
E024,Employee 24,16,S1,00:00-08:00,RS
E032,Employee 32,16,S1,00:00-08:00,RS
MEDIUM_E049,Medium Employee 049,16,S1,00:00-08:00,SLS
MEDIUM_E053,Medium Employee 053,16,S1,00:00-08:00,SLS
MEDIUM_E056,Medium Employee 056,16,S2,08:00-16:00,BLO
MEDIUM_E062,Medium Employee 062,16,S2,08:00-16:00,BLO
E003,Employee 3,16,S2,08:00-16:00,DAS
E007,Employee 7,16,S2,08:00-16:00,DAS
E009,Employee 9,16,S2,08:00-16:00,DAS
E020,Employee 20,16,S2,08:00-16:00,DAS
E026,Employee 26,16,S2,08:00-16:00,DAS
E040,Employee 40,16,S2,08:00-16:00,DAS
MEDIUM_E057,Medium Employee 057,16,S2,08:00-16:00,DAS
MEDIUM_E058,Medium Employee 058,16,S2,08:00-16:00,DAS
MEDIUM_E059,Medium Employee 059,16,S2,08:00-16:00,DAS
E027,Employee 27,16,S2,08:00-16:00,DS
MEDIUM_E064,Medium Employee 064,16,S2,08:00-16:00,DS
E037,Employee 37,16,S2,08:00-16:00,FSTC
E039,Employee 39,16,S2,08:00-16:00,FSTC
E006,Employee 6,16,S2,08:00-16:00,RS
MEDIUM_E054,Medium Employee 054,16,S2,08:00-16:00,RS
E025,Employee 25,16,S2,08:00-16:00,SLS
E042,Employee 42,16,S2,08:00-16:00,SLS
E044,Employee 44,16,S3,16:00-24:00,BLO
MEDIUM_E052,Medium Employee 052,16,S3,16:00-24:00,BLO
E002,Employee 2,16,S3,16:00-24:00,DAS
E014,Employee 14,16,S3,16:00-24:00,DAS
E019,Employee 19,16,S3,16:00-24:00,DAS
E021,Employee 21,16,S3,16:00-24:00,DAS
E022,Employee 22,16,S3,16:00-24:00,DAS
E028,Employee 28,16,S3,16:00-24:00,DAS
E031,Employee 31,16,S3,16:00-24:00,DAS
MEDIUM_E050,Medium Employee 050,16,S3,16:00-24:00,DAS
MEDIUM_E066,Medium Employee 066,16,S3,16:00-24:00,DAS
MEDIUM_E068,Medium Employee 068,16,S3,16:00-24:00,DAS
MEDIUM_E069,Medium Employee 069,16,S3,16:00-24:00,DAS
MEDIUM_E070,Medium Employee 070,16,S3,16:00-24:00,DAS
E010,Employee 10,16,S3,16:00-24:00,DS
MEDIUM_E061,Medium Employee 061,16,S3,16:00-24:00,DS
E033,Employee 33,16,S3,16:00-24:00,FSTC
E035,Employee 35,16,S3,16:00-24:00,FSTC
E012,Employee 12,16,S3,16:00-24:00,RS
MEDIUM_E060,Medium Employee 060,16,S3,16:00-24:00,RS
E043,Employee 43,16,S3,16:00-24:00,SLS
MEDIUM_E065,Medium Employee 065,16,S3,16:00-24:00,SLS
E005,Employee 5,17,S1,00:00-08:00,BLO
E008,Employee 8,17,S1,00:00-08:00,BLO
E024,Employee 24,17,S1,00:00-08:00,DAS
E036,Employee 36,17,S1,00:00-08:00,DAS
MEDIUM_E055,Medium Employee 055,17,S1,00:00-08:00,DAS
MEDIUM_E063,Medium Employee 063,17,S1,00:00-08:00,DAS
MEDIUM_E067,Medium Employee 067,17,S1,00:00-08:00,DAS
E013,Employee 13,17,S1,00:00-08:00,DS
E034,Employee 34,17,S1,00:00-08:00,DS
E038,Employee 38,17,S1,00:00-08:00,FSTC
E048,Employee 48,17,S1,00:00-08:00,FSTC
E023,Employee 23,17,S1,00:00-08:00,RS
E032,Employee 32,17,S1,00:00-08:00,RS
E001,Employee 1,17,S1,00:00-08:00,SLS
E017,Employee 17,17,S1,00:00-08:00,SLS
MEDIUM_E053,Medium Employee 053,17,S2,08:00-16:00,BLO
MEDIUM_E056,Medium Employee 056,17,S2,08:00-16:00,BLO
E003,Employee 3,17,S2,08:00-16:00,DAS
E004,Employee 4,17,S2,08:00-16:00,DAS
E007,Employee 7,17,S2,08:00-16:00,DAS
E009,Employee 9,17,S2,08:00-16:00,DAS
E011,Employee 11,17,S2,08:00-16:00,DAS
E027,Employee 27,17,S2,08:00-16:00,DAS
E029,Employee 29,17,S2,08:00-16:00,DAS
E040,Employee 40,17,S2,08:00-16:00,DAS
E046,Employee 46,17,S2,08:00-16:00,DAS
MEDIUM_E057,Medium Employee 057,17,S2,08:00-16:00,DAS
MEDIUM_E059,Medium Employee 059,17,S2,08:00-16:00,DAS
MEDIUM_E062,Medium Employee 062,17,S2,08:00-16:00,DAS
E016,Employee 16,17,S2,08:00-16:00,DS
MEDIUM_E064,Medium Employee 064,17,S2,08:00-16:00,DS
E018,Employee 18,17,S2,08:00-16:00,FSTC
E039,Employee 39,17,S2,08:00-16:00,FSTC
E006,Employee 6,17,S2,08:00-16:00,RS
MEDIUM_E054,Medium Employee 054,17,S2,08:00-16:00,RS
E042,Employee 42,17,S2,08:00-16:00,SLS
MEDIUM_E049,Medium Employee 049,17,S2,08:00-16:00,SLS
E044,Employee 44,17,S3,16:00-24:00,BLO
E047,Employee 47,17,S3,16:00-24:00,BLO
E015,Employee 15,17,S3,16:00-24:00,DAS
E020,Employee 20,17,S3,16:00-24:00,DAS
E021,Employee 21,17,S3,16:00-24:00,DAS
E022,Employee 22,17,S3,16:00-24:00,DAS
E028,Employee 28,17,S3,16:00-24:00,DAS
E031,Employee 31,17,S3,16:00-24:00,DAS
MEDIUM_E050,Medium Employee 050,17,S3,16:00-24:00,DAS
MEDIUM_E051,Medium Employee 051,17,S3,16:00-24:00,DAS
MEDIUM_E066,Medium Employee 066,17,S3,16:00-24:00,DAS
MEDIUM_E068,Medium Employee 068,17,S3,16:00-24:00,DAS
MEDIUM_E069,Medium Employee 069,17,S3,16:00-24:00,DAS
MEDIUM_E070,Medium Employee 070,17,S3,16:00-24:00,DAS
E010,Employee 10,17,S3,16:00-24:00,DS
MEDIUM_E058,Medium Employee 058,17,S3,16:00-24:00,DS
E030,Employee 30,17,S3,16:00-24:00,FSTC
E033,Employee 33,17,S3,16:00-24:00,FSTC
E012,Employee 12,17,S3,16:00-24:00,RS
MEDIUM_E060,Medium Employee 060,17,S3,16:00-24:00,RS
E043,Employee 43,17,S3,16:00-24:00,SLS
MEDIUM_E065,Medium Employee 065,17,S3,16:00-24:00,SLS
E005,Employee 5,18,S1,00:00-08:00,BLO
E008,Employee 8,18,S1,00:00-08:00,BLO
E014,Employee 14,18,S1,00:00-08:00,DAS
E019,Employee 19,18,S1,00:00-08:00,DAS
E026,Employee 26,18,S1,00:00-08:00,DAS
E037,Employee 37,18,S1,00:00-08:00,DAS
MEDIUM_E052,Medium Employee 052,18,S1,00:00-08:00,DAS
MEDIUM_E055,Medium Employee 055,18,S1,00:00-08:00,DAS
E041,Employee 41,18,S1,00:00-08:00,DS
MEDIUM_E061,Medium Employee 061,18,S1,00:00-08:00,DS
E035,Employee 35,18,S1,00:00-08:00,FSTC
E048,Employee 48,18,S1,00:00-08:00,FSTC
E023,Employee 23,18,S1,00:00-08:00,RS
E024,Employee 24,18,S1,00:00-08:00,RS
E017,Employee 17,18,S1,00:00-08:00,SLS
E025,Employee 25,18,S1,00:00-08:00,SLS
MEDIUM_E053,Medium Employee 053,18,S2,08:00-16:00,BLO
MEDIUM_E056,Medium Employee 056,18,S2,08:00-16:00,BLO
E004,Employee 4,18,S2,08:00-16:00,DAS
E009,Employee 9,18,S2,08:00-16:00,DAS
E011,Employee 11,18,S2,08:00-16:00,DAS
E027,Employee 27,18,S2,08:00-16:00,DAS
E029,Employee 29,18,S2,08:00-16:00,DAS
E040,Employee 40,18,S2,08:00-16:00,DAS
E045,Employee 45,18,S2,08:00-16:00,DAS
E046,Employee 46,18,S2,08:00-16:00,DAS
MEDIUM_E057,Medium Employee 057,18,S2,08:00-16:00,DAS
MEDIUM_E059,Medium Employee 059,18,S2,08:00-16:00,DAS
MEDIUM_E062,Medium Employee 062,18,S2,08:00-16:00,DAS
MEDIUM_E067,Medium Employee 067,18,S2,08:00-16:00,DAS
E016,Employee 16,18,S2,08:00-16:00,DS
MEDIUM_E064,Medium Employee 064,18,S2,08:00-16:00,DS
E034,Employee 34,18,S2,08:00-16:00,FSTC
E039,Employee 39,18,S2,08:00-16:00,FSTC
E032,Employee 32,18,S2,08:00-16:00,RS
MEDIUM_E054,Medium Employee 054,18,S2,08:00-16:00,RS
E042,Employee 42,18,S2,08:00-16:00,SLS
MEDIUM_E049,Medium Employee 049,18,S2,08:00-16:00,SLS
E044,Employee 44,18,S3,16:00-24:00,BLO
E047,Employee 47,18,S3,16:00-24:00,BLO
E002,Employee 2,18,S3,16:00-24:00,DAS
E007,Employee 7,18,S3,16:00-24:00,DAS
E010,Employee 10,18,S3,16:00-24:00,DAS
E015,Employee 15,18,S3,16:00-24:00,DAS
E020,Employee 20,18,S3,16:00-24:00,DAS
E021,Employee 21,18,S3,16:00-24:00,DAS
E028,Employee 28,18,S3,16:00-24:00,DAS
E031,Employee 31,18,S3,16:00-24:00,DAS
E038,Employee 38,18,S3,16:00-24:00,DAS
MEDIUM_E050,Medium Employee 050,18,S3,16:00-24:00,DAS
MEDIUM_E063,Medium Employee 063,18,S3,16:00-24:00,DAS
MEDIUM_E066,Medium Employee 066,18,S3,16:00-24:00,DAS
MEDIUM_E068,Medium Employee 068,18,S3,16:00-24:00,DAS
MEDIUM_E070,Medium Employee 070,18,S3,16:00-24:00,DAS
E013,Employee 13,18,S3,16:00-24:00,DS
MEDIUM_E058,Medium Employee 058,18,S3,16:00-24:00,DS
E030,Employee 30,18,S3,16:00-24:00,FSTC
E033,Employee 33,18,S3,16:00-24:00,FSTC
E012,Employee 12,18,S3,16:00-24:00,RS
MEDIUM_E060,Medium Employee 060,18,S3,16:00-24:00,RS
E043,Employee 43,18,S3,16:00-24:00,SLS
MEDIUM_E065,Medium Employee 065,18,S3,16:00-24:00,SLS
E008,Employee 8,19,S1,00:00-08:00,BLO
E036,Employee 36,19,S1,00:00-08:00,BLO
E003,Employee 3,19,S1,00:00-08:00,DAS
E014,Employee 14,19,S1,00:00-08:00,DAS
E019,Employee 19,19,S1,00:00-08:00,DAS
E026,Employee 26,19,S1,00:00-08:00,DAS
MEDIUM_E051,Medium Employee 051,19,S1,00:00-08:00,DAS
E041,Employee 41,19,S1,00:00-08:00,DS
MEDIUM_E061,Medium Employee 061,19,S1,00:00-08:00,DS
E018,Employee 18,19,S1,00:00-08:00,FSTC
E048,Employee 48,19,S1,00:00-08:00,FSTC
E006,Employee 6,19,S1,00:00-08:00,RS
E001,Employee 1,19,S1,00:00-08:00,SLS
E025,Employee 25,19,S1,00:00-08:00,SLS
E005,Employee 5,19,S2,08:00-16:00,BLO
MEDIUM_E062,Medium Employee 062,19,S2,08:00-16:00,BLO
E004,Employee 4,19,S2,08:00-16:00,DAS
E009,Employee 9,19,S2,08:00-16:00,DAS
E011,Employee 11,19,S2,08:00-16:00,DAS
E027,Employee 27,19,S2,08:00-16:00,DAS
E029,Employee 29,19,S2,08:00-16:00,DAS
E037,Employee 37,19,S2,08:00-16:00,DAS
E045,Employee 45,19,S2,08:00-16:00,DAS
E046,Employee 46,19,S2,08:00-16:00,DAS
MEDIUM_E055,Medium Employee 055,19,S2,08:00-16:00,DAS
MEDIUM_E057,Medium Employee 057,19,S2,08:00-16:00,DAS
MEDIUM_E059,Medium Employee 059,19,S2,08:00-16:00,DAS
MEDIUM_E067,Medium Employee 067,19,S2,08:00-16:00,DAS
E016,Employee 16,19,S2,08:00-16:00,DS
MEDIUM_E064,Medium Employee 064,19,S2,08:00-16:00,DS
E034,Employee 34,19,S2,08:00-16:00,FSTC
MEDIUM_E056,Medium Employee 056,19,S2,08:00-16:00,FSTC
E032,Employee 32,19,S2,08:00-16:00,RS
MEDIUM_E054,Medium Employee 054,19,S2,08:00-16:00,RS
E024,Employee 24,19,S2,08:00-16:00,SLS
MEDIUM_E049,Medium Employee 049,19,S2,08:00-16:00,SLS
E047,Employee 47,19,S3,16:00-24:00,BLO
MEDIUM_E052,Medium Employee 052,19,S3,16:00-24:00,BLO
E020,Employee 20,19,S3,16:00-24:00,DAS
E021,Employee 21,19,S3,16:00-24:00,DAS
E022,Employee 22,19,S3,16:00-24:00,DAS
E028,Employee 28,19,S3,16:00-24:00,DAS
E031,Employee 31,19,S3,16:00-24:00,DAS
E038,Employee 38,19,S3,16:00-24:00,DAS
MEDIUM_E063,Medium Employee 063,19,S3,16:00-24:00,DAS
MEDIUM_E066,Medium Employee 066,19,S3,16:00-24:00,DAS
MEDIUM_E070,Medium Employee 070,19,S3,16:00-24:00,DAS
E013,Employee 13,19,S3,16:00-24:00,DS
MEDIUM_E058,Medium Employee 058,19,S3,16:00-24:00,DS
E030,Employee 30,19,S3,16:00-24:00,FSTC
E035,Employee 35,19,S3,16:00-24:00,FSTC
E023,Employee 23,19,S3,16:00-24:00,RS
MEDIUM_E060,Medium Employee 060,19,S3,16:00-24:00,RS
E017,Employee 17,19,S3,16:00-24:00,SLS
E043,Employee 43,19,S3,16:00-24:00,SLS
E008,Employee 8,20,S1,00:00-08:00,BLO
MEDIUM_E053,Medium Employee 053,20,S1,00:00-08:00,BLO
E007,Employee 7,20,S1,00:00-08:00,DAS
E014,Employee 14,20,S1,00:00-08:00,DAS
E036,Employee 36,20,S1,00:00-08:00,DAS
E040,Employee 40,20,S1,00:00-08:00,DAS
MEDIUM_E051,Medium Employee 051,20,S1,00:00-08:00,DAS
E010,Employee 10,20,S1,00:00-08:00,DS
MEDIUM_E061,Medium Employee 061,20,S1,00:00-08:00,DS
E033,Employee 33,20,S1,00:00-08:00,FSTC
E039,Employee 39,20,S1,00:00-08:00,FSTC
E006,Employee 6,20,S1,00:00-08:00,RS
E012,Employee 12,20,S1,00:00-08:00,RS
E042,Employee 42,20,S1,00:00-08:00,SLS
MEDIUM_E065,Medium Employee 065,20,S1,00:00-08:00,SLS
E004,Employee 4,20,S2,08:00-16:00,BLO
E005,Employee 5,20,S2,08:00-16:00,BLO
E003,Employee 3,20,S2,08:00-16:00,DAS
E009,Employee 9,20,S2,08:00-16:00,DAS
E015,Employee 15,20,S2,08:00-16:00,DAS
E026,Employee 26,20,S2,08:00-16:00,DAS
E027,Employee 27,20,S2,08:00-16:00,DAS
E029,Employee 29,20,S2,08:00-16:00,DAS
E045,Employee 45,20,S2,08:00-16:00,DAS
E046,Employee 46,20,S2,08:00-16:00,DAS
MEDIUM_E050,Medium Employee 050,20,S2,08:00-16:00,DAS
E016,Employee 16,20,S2,08:00-16:00,DS
MEDIUM_E064,Medium Employee 064,20,S2,08:00-16:00,DS
E048,Employee 48,20,S2,08:00-16:00,FSTC
MEDIUM_E056,Medium Employee 056,20,S2,08:00-16:00,FSTC
E024,Employee 24,20,S2,08:00-16:00,RS
MEDIUM_E054,Medium Employee 054,20,S2,08:00-16:00,RS
E025,Employee 25,20,S2,08:00-16:00,SLS
MEDIUM_E049,Medium Employee 049,20,S2,08:00-16:00,SLS
E044,Employee 44,20,S3,16:00-24:00,BLO
E047,Employee 47,20,S3,16:00-24:00,BLO
E002,Employee 2,20,S3,16:00-24:00,DAS
E018,Employee 18,20,S3,16:00-24:00,DAS
E022,Employee 22,20,S3,16:00-24:00,DAS
E028,Employee 28,20,S3,16:00-24:00,DAS
E031,Employee 31,20,S3,16:00-24:00,DAS
E037,Employee 37,20,S3,16:00-24:00,DAS
E038,Employee 38,20,S3,16:00-24:00,DAS
MEDIUM_E063,Medium Employee 063,20,S3,16:00-24:00,DAS
MEDIUM_E067,Medium Employee 067,20,S3,16:00-24:00,DAS
MEDIUM_E068,Medium Employee 068,20,S3,16:00-24:00,DAS
MEDIUM_E069,Medium Employee 069,20,S3,16:00-24:00,DAS
MEDIUM_E070,Medium Employee 070,20,S3,16:00-24:00,DAS
E013,Employee 13,20,S3,16:00-24:00,DS
MEDIUM_E058,Medium Employee 058,20,S3,16:00-24:00,DS
E030,Employee 30,20,S3,16:00-24:00,FSTC
E035,Employee 35,20,S3,16:00-24:00,FSTC
E023,Employee 23,20,S3,16:00-24:00,RS
MEDIUM_E060,Medium Employee 060,20,S3,16:00-24:00,RS
E017,Employee 17,20,S3,16:00-24:00,SLS
E043,Employee 43,20,S3,16:00-24:00,SLS
E014,Employee 14,21,S1,00:00-08:00,BLO
MEDIUM_E052,Medium Employee 052,21,S1,00:00-08:00,BLO
E019,Employee 19,21,S1,00:00-08:00,DAS
E020,Employee 20,21,S1,00:00-08:00,DAS
E036,Employee 36,21,S1,00:00-08:00,DAS
MEDIUM_E057,Medium Employee 057,21,S1,00:00-08:00,DAS
MEDIUM_E059,Medium Employee 059,21,S1,00:00-08:00,DAS
E010,Employee 10,21,S1,00:00-08:00,DS
E041,Employee 41,21,S1,00:00-08:00,DS
E033,Employee 33,21,S1,00:00-08:00,FSTC
MEDIUM_E066,Medium Employee 066,21,S1,00:00-08:00,FSTC
E006,Employee 6,21,S1,00:00-08:00,RS
E012,Employee 12,21,S1,00:00-08:00,RS
MEDIUM_E053,Medium Employee 053,21,S1,00:00-08:00,SLS
MEDIUM_E065,Medium Employee 065,21,S1,00:00-08:00,SLS
E004,Employee 4,21,S2,08:00-16:00,BLO
MEDIUM_E056,Medium Employee 056,21,S2,08:00-16:00,BLO
E003,Employee 3,21,S2,08:00-16:00,DAS
E011,Employee 11,21,S2,08:00-16:00,DAS
E021,Employee 21,21,S2,08:00-16:00,DAS
E026,Employee 26,21,S2,08:00-16:00,DAS
E029,Employee 29,21,S2,08:00-16:00,DAS
E045,Employee 45,21,S2,08:00-16:00,DAS
E046,Employee 46,21,S2,08:00-16:00,DAS
MEDIUM_E051,Medium Employee 051,21,S2,08:00-16:00,DAS
MEDIUM_E055,Medium Employee 055,21,S2,08:00-16:00,DAS
E016,Employee 16,21,S2,08:00-16:00,DS
E027,Employee 27,21,S2,08:00-16:00,DS
E034,Employee 34,21,S2,08:00-16:00,FSTC
E039,Employee 39,21,S2,08:00-16:00,FSTC
E032,Employee 32,21,S2,08:00-16:00,RS
MEDIUM_E054,Medium Employee 054,21,S2,08:00-16:00,RS
E001,Employee 1,21,S2,08:00-16:00,SLS
MEDIUM_E049,Medium Employee 049,21,S2,08:00-16:00,SLS
E047,Employee 47,21,S3,16:00-24:00,BLO
MEDIUM_E062,Medium Employee 062,21,S3,16:00-24:00,BLO
E002,Employee 2,21,S3,16:00-24:00,DAS
E015,Employee 15,21,S3,16:00-24:00,DAS
E018,Employee 18,21,S3,16:00-24:00,DAS
E022,Employee 22,21,S3,16:00-24:00,DAS
E037,Employee 37,21,S3,16:00-24:00,DAS
MEDIUM_E050,Medium Employee 050,21,S3,16:00-24:00,DAS
MEDIUM_E063,Medium Employee 063,21,S3,16:00-24:00,DAS
MEDIUM_E069,Medium Employee 069,21,S3,16:00-24:00,DAS
MEDIUM_E070,Medium Employee 070,21,S3,16:00-24:00,DAS
E013,Employee 13,21,S3,16:00-24:00,DS
MEDIUM_E058,Medium Employee 058,21,S3,16:00-24:00,DS
E035,Employee 35,21,S3,16:00-24:00,FSTC
E048,Employee 48,21,S3,16:00-24:00,FSTC
E023,Employee 23,21,S3,16:00-24:00,RS
MEDIUM_E060,Medium Employee 060,21,S3,16:00-24:00,RS
E017,Employee 17,21,S3,16:00-24:00,SLS
E043,Employee 43,21,S3,16:00-24:00,SLS
E014,Employee 14,22,S1,00:00-08:00,BLO
E044,Employee 44,22,S1,00:00-08:00,BLO
E009,Employee 9,22,S1,00:00-08:00,DAS
E031,Employee 31,22,S1,00:00-08:00,DAS
MEDIUM_E052,Medium Employee 052,22,S1,00:00-08:00,DAS
MEDIUM_E059,Medium Employee 059,22,S1,00:00-08:00,DAS
MEDIUM_E068,Medium Employee 068,22,S1,00:00-08:00,DAS
E013,Employee 13,22,S1,00:00-08:00,DS
E041,Employee 41,22,S1,00:00-08:00,DS
E030,Employee 30,22,S1,00:00-08:00,FSTC
MEDIUM_E066,Medium Employee 066,22,S1,00:00-08:00,FSTC
E006,Employee 6,22,S1,00:00-08:00,RS
E024,Employee 24,22,S1,00:00-08:00,RS
E025,Employee 25,22,S1,00:00-08:00,SLS
MEDIUM_E053,Medium Employee 053,22,S1,00:00-08:00,SLS
E004,Employee 4,22,S2,08:00-16:00,BLO
E008,Employee 8,22,S2,08:00-16:00,BLO
E003,Employee 3,22,S2,08:00-16:00,DAS
E007,Employee 7,22,S2,08:00-16:00,DAS
E020,Employee 20,22,S2,08:00-16:00,DAS
E027,Employee 27,22,S2,08:00-16:00,DAS
E029,Employee 29,22,S2,08:00-16:00,DAS
E034,Employee 34,22,S2,08:00-16:00,DAS
E040,Employee 40,22,S2,08:00-16:00,DAS
E045,Employee 45,22,S2,08:00-16:00,DAS
E046,Employee 46,22,S2,08:00-16:00,DAS
MEDIUM_E051,Medium Employee 051,22,S2,08:00-16:00,DAS
MEDIUM_E055,Medium Employee 055,22,S2,08:00-16:00,DAS
MEDIUM_E057,Medium Employee 057,22,S2,08:00-16:00,DAS
E010,Employee 10,22,S2,08:00-16:00,DS
MEDIUM_E064,Medium Employee 064,22,S2,08:00-16:00,DS
E026,Employee 26,22,S2,08:00-16:00,FSTC
E033,Employee 33,22,S2,08:00-16:00,FSTC
E032,Employee 32,22,S2,08:00-16:00,RS
MEDIUM_E060,Medium Employee 060,22,S2,08:00-16:00,RS
E042,Employee 42,22,S2,08:00-16:00,SLS
MEDIUM_E049,Medium Employee 049,22,S2,08:00-16:00,SLS
E005,Employee 5,22,S3,16:00-24:00,BLO
E047,Employee 47,22,S3,16:00-24:00,BLO
E002,Employee 2,22,S3,16:00-24:00,DAS
E015,Employee 15,22,S3,16:00-24:00,DAS
E021,Employee 21,22,S3,16:00-24:00,DAS
E022,Employee 22,22,S3,16:00-24:00,DAS
E028,Employee 28,22,S3,16:00-24:00,DAS
E037,Employee 37,22,S3,16:00-24:00,DAS
E038,Employee 38,22,S3,16:00-24:00,DAS
E043,Employee 43,22,S3,16:00-24:00,DAS
MEDIUM_E050,Medium Employee 050,22,S3,16:00-24:00,DAS
MEDIUM_E063,Medium Employee 063,22,S3,16:00-24:00,DAS
MEDIUM_E067,Medium Employee 067,22,S3,16:00-24:00,DAS
MEDIUM_E069,Medium Employee 069,22,S3,16:00-24:00,DAS
MEDIUM_E058,Medium Employee 058,22,S3,16:00-24:00,DS
MEDIUM_E061,Medium Employee 061,22,S3,16:00-24:00,DS
E035,Employee 35,22,S3,16:00-24:00,FSTC
E048,Employee 48,22,S3,16:00-24:00,FSTC
E012,Employee 12,22,S3,16:00-24:00,RS
E023,Employee 23,22,S3,16:00-24:00,RS
E017,Employee 17,22,S3,16:00-24:00,SLS
MEDIUM_E065,Medium Employee 065,22,S3,16:00-24:00,SLS
E036,Employee 36,23,S1,00:00-08:00,BLO
E044,Employee 44,23,S1,00:00-08:00,BLO
E009,Employee 9,23,S1,00:00-08:00,DAS
E019,Employee 19,23,S1,00:00-08:00,DAS
E031,Employee 31,23,S1,00:00-08:00,DAS
MEDIUM_E062,Medium Employee 062,23,S1,00:00-08:00,DAS
MEDIUM_E068,Medium Employee 068,23,S1,00:00-08:00,DAS
E013,Employee 13,23,S1,00:00-08:00,DS
E016,Employee 16,23,S1,00:00-08:00,DS
E018,Employee 18,23,S1,00:00-08:00,FSTC
MEDIUM_E066,Medium Employee 066,23,S1,00:00-08:00,FSTC
MEDIUM_E054,Medium Employee 054,23,S1,00:00-08:00,RS
E001,Employee 1,23,S1,00:00-08:00,SLS
E025,Employee 25,23,S1,00:00-08:00,SLS
MEDIUM_E053,Medium Employee 053,23,S2,08:00-16:00,BLO
MEDIUM_E056,Medium Employee 056,23,S2,08:00-16:00,BLO
E003,Employee 3,23,S2,08:00-16:00,DAS
E007,Employee 7,23,S2,08:00-16:00,DAS
E010,Employee 10,23,S2,08:00-16:00,DAS
E011,Employee 11,23,S2,08:00-16:00,DAS
E014,Employee 14,23,S2,08:00-16:00,DAS
E029,Employee 29,23,S2,08:00-16:00,DAS
E040,Employee 40,23,S2,08:00-16:00,DAS
E045,Employee 45,23,S2,08:00-16:00,DAS
MEDIUM_E051,Medium Employee 051,23,S2,08:00-16:00,DAS
MEDIUM_E052,Medium Employee 052,23,S2,08:00-16:00,DAS
MEDIUM_E055,Medium Employee 055,23,S2,08:00-16:00,DAS
MEDIUM_E057,Medium Employee 057,23,S2,08:00-16:00,DAS
E027,Employee 27,23,S2,08:00-16:00,DS
MEDIUM_E064,Medium Employee 064,23,S2,08:00-16:00,DS
E026,Employee 26,23,S2,08:00-16:00,FSTC
E039,Employee 39,23,S2,08:00-16:00,FSTC
E024,Employee 24,23,S2,08:00-16:00,RS
E032,Employee 32,23,S2,08:00-16:00,RS
E042,Employee 42,23,S2,08:00-16:00,SLS
MEDIUM_E049,Medium Employee 049,23,S2,08:00-16:00,SLS
E004,Employee 4,23,S3,16:00-24:00,BLO
E041,Employee 41,23,S3,16:00-24:00,BLO
E002,Employee 2,23,S3,16:00-24:00,DAS
E015,Employee 15,23,S3,16:00-24:00,DAS
E020,Employee 20,23,S3,16:00-24:00,DAS
E021,Employee 21,23,S3,16:00-24:00,DAS
E022,Employee 22,23,S3,16:00-24:00,DAS
E028,Employee 28,23,S3,16:00-24:00,DAS
E037,Employee 37,23,S3,16:00-24:00,DAS
E038,Employee 38,23,S3,16:00-24:00,DAS
MEDIUM_E050,Medium Employee 050,23,S3,16:00-24:00,DAS
MEDIUM_E067,Medium Employee 067,23,S3,16:00-24:00,DAS
MEDIUM_E069,Medium Employee 069,23,S3,16:00-24:00,DAS
MEDIUM_E070,Medium Employee 070,23,S3,16:00-24:00,DAS
MEDIUM_E058,Medium Employee 058,23,S3,16:00-24:00,DS
MEDIUM_E061,Medium Employee 061,23,S3,16:00-24:00,DS
E035,Employee 35,23,S3,16:00-24:00,FSTC
E048,Employee 48,23,S3,16:00-24:00,FSTC
E006,Employee 6,23,S3,16:00-24:00,RS
MEDIUM_E060,Medium Employee 060,23,S3,16:00-24:00,RS
E017,Employee 17,23,S3,16:00-24:00,SLS
MEDIUM_E065,Medium Employee 065,23,S3,16:00-24:00,SLS
E008,Employee 8,24,S1,00:00-08:00,BLO
E044,Employee 44,24,S1,00:00-08:00,BLO
E004,Employee 4,24,S1,00:00-08:00,DAS
E031,Employee 31,24,S1,00:00-08:00,DAS
E046,Employee 46,24,S1,00:00-08:00,DAS
E047,Employee 47,24,S1,00:00-08:00,DAS
MEDIUM_E059,Medium Employee 059,24,S1,00:00-08:00,DAS
MEDIUM_E063,Medium Employee 063,24,S1,00:00-08:00,DAS
E016,Employee 16,24,S1,00:00-08:00,DS
E034,Employee 34,24,S1,00:00-08:00,DS
E030,Employee 30,24,S1,00:00-08:00,FSTC
E033,Employee 33,24,S1,00:00-08:00,FSTC
E023,Employee 23,24,S1,00:00-08:00,RS
MEDIUM_E054,Medium Employee 054,24,S1,00:00-08:00,RS
E005,Employee 5,24,S1,00:00-08:00,SLS
E025,Employee 25,24,S1,00:00-08:00,SLS
E036,Employee 36,24,S2,08:00-16:00,BLO
MEDIUM_E053,Medium Employee 053,24,S2,08:00-16:00,BLO
E003,Employee 3,24,S2,08:00-16:00,DAS
E007,Employee 7,24,S2,08:00-16:00,DAS
E009,Employee 9,24,S2,08:00-16:00,DAS
E010,Employee 10,24,S2,08:00-16:00,DAS
E011,Employee 11,24,S2,08:00-16:00,DAS
E014,Employee 14,24,S2,08:00-16:00,DAS
E029,Employee 29,24,S2,08:00-16:00,DAS
E040,Employee 40,24,S2,08:00-16:00,DAS
MEDIUM_E051,Medium Employee 051,24,S2,08:00-16:00,DAS
MEDIUM_E052,Medium Employee 052,24,S2,08:00-16:00,DAS
MEDIUM_E055,Medium Employee 055,24,S2,08:00-16:00,DAS
MEDIUM_E057,Medium Employee 057,24,S2,08:00-16:00,DAS
E027,Employee 27,24,S2,08:00-16:00,DS
MEDIUM_E064,Medium Employee 064,24,S2,08:00-16:00,DS
E026,Employee 26,24,S2,08:00-16:00,FSTC
E039,Employee 39,24,S2,08:00-16:00,FSTC
E024,Employee 24,24,S2,08:00-16:00,RS
E032,Employee 32,24,S2,08:00-16:00,RS
E001,Employee 1,24,S2,08:00-16:00,SLS
MEDIUM_E049,Medium Employee 049,24,S2,08:00-16:00,SLS
E041,Employee 41,24,S3,16:00-24:00,BLO
MEDIUM_E062,Medium Employee 062,24,S3,16:00-24:00,BLO
E002,Employee 2,24,S3,16:00-24:00,DAS
E018,Employee 18,24,S3,16:00-24:00,DAS
E019,Employee 19,24,S3,16:00-24:00,DAS
E021,Employee 21,24,S3,16:00-24:00,DAS
E022,Employee 22,24,S3,16:00-24:00,DAS
E028,Employee 28,24,S3,16:00-24:00,DAS
E037,Employee 37,24,S3,16:00-24:00,DAS
E038,Employee 38,24,S3,16:00-24:00,DAS
E042,Employee 42,24,S3,16:00-24:00,DAS
MEDIUM_E050,Medium Employee 050,24,S3,16:00-24:00,DAS
MEDIUM_E060,Medium Employee 060,24,S3,16:00-24:00,DAS
MEDIUM_E070,Medium Employee 070,24,S3,16:00-24:00,DAS
E013,Employee 13,24,S3,16:00-24:00,DS
MEDIUM_E058,Medium Employee 058,24,S3,16:00-24:00,DS
E048,Employee 48,24,S3,16:00-24:00,FSTC
MEDIUM_E066,Medium Employee 066,24,S3,16:00-24:00,FSTC
E006,Employee 6,24,S3,16:00-24:00,RS
E012,Employee 12,24,S3,16:00-24:00,RS
E043,Employee 43,24,S3,16:00-24:00,SLS
MEDIUM_E065,Medium Employee 065,24,S3,16:00-24:00,SLS
E005,Employee 5,25,S1,00:00-08:00,BLO
E008,Employee 8,25,S1,00:00-08:00,BLO
E020,Employee 20,25,S1,00:00-08:00,DAS
E046,Employee 46,25,S1,00:00-08:00,DAS
E047,Employee 47,25,S1,00:00-08:00,DAS
MEDIUM_E059,Medium Employee 059,25,S1,00:00-08:00,DAS
MEDIUM_E067,Medium Employee 067,25,S1,00:00-08:00,DAS
MEDIUM_E068,Medium Employee 068,25,S1,00:00-08:00,DAS
E034,Employee 34,25,S1,00:00-08:00,DS
MEDIUM_E061,Medium Employee 061,25,S1,00:00-08:00,DS
E033,Employee 33,25,S1,00:00-08:00,FSTC
E035,Employee 35,25,S1,00:00-08:00,FSTC
E023,Employee 23,25,S1,00:00-08:00,RS
MEDIUM_E054,Medium Employee 054,25,S1,00:00-08:00,RS
E001,Employee 1,25,S1,00:00-08:00,SLS
E017,Employee 17,25,S1,00:00-08:00,SLS
E014,Employee 14,25,S2,08:00-16:00,BLO
MEDIUM_E056,Medium Employee 056,25,S2,08:00-16:00,BLO
E004,Employee 4,25,S2,08:00-16:00,DAS
E007,Employee 7,25,S2,08:00-16:00,DAS
E009,Employee 9,25,S2,08:00-16:00,DAS
E027,Employee 27,25,S2,08:00-16:00,DAS
E029,Employee 29,25,S2,08:00-16:00,DAS
E036,Employee 36,25,S2,08:00-16:00,DAS
E040,Employee 40,25,S2,08:00-16:00,DAS
E045,Employee 45,25,S2,08:00-16:00,DAS
MEDIUM_E051,Medium Employee 051,25,S2,08:00-16:00,DAS
MEDIUM_E052,Medium Employee 052,25,S2,08:00-16:00,DAS
MEDIUM_E055,Medium Employee 055,25,S2,08:00-16:00,DAS
MEDIUM_E057,Medium Employee 057,25,S2,08:00-16:00,DAS
E016,Employee 16,25,S2,08:00-16:00,DS
MEDIUM_E064,Medium Employee 064,25,S2,08:00-16:00,DS
E030,Employee 30,25,S2,08:00-16:00,FSTC
E039,Employee 39,25,S2,08:00-16:00,FSTC
E024,Employee 24,25,S2,08:00-16:00,RS
E032,Employee 32,25,S2,08:00-16:00,RS
E025,Employee 25,25,S2,08:00-16:00,SLS
MEDIUM_E049,Medium Employee 049,25,S2,08:00-16:00,SLS
E044,Employee 44,25,S3,16:00-24:00,BLO
MEDIUM_E053,Medium Employee 053,25,S3,16:00-24:00,BLO
E002,Employee 2,25,S3,16:00-24:00,DAS
E015,Employee 15,25,S3,16:00-24:00,DAS
E018,Employee 18,25,S3,16:00-24:00,DAS
E022,Employee 22,25,S3,16:00-24:00,DAS
E028,Employee 28,25,S3,16:00-24:00,DAS
E031,Employee 31,25,S3,16:00-24:00,DAS
E038,Employee 38,25,S3,16:00-24:00,DAS
E041,Employee 41,25,S3,16:00-24:00,DAS
MEDIUM_E050,Medium Employee 050,25,S3,16:00-24:00,DAS
MEDIUM_E066,Medium Employee 066,25,S3,16:00-24:00,DAS
MEDIUM_E069,Medium Employee 069,25,S3,16:00-24:00,DAS
MEDIUM_E070,Medium Employee 070,25,S3,16:00-24:00,DAS
E013,Employee 13,25,S3,16:00-24:00,DS
MEDIUM_E058,Medium Employee 058,25,S3,16:00-24:00,DS
E037,Employee 37,25,S3,16:00-24:00,FSTC
E048,Employee 48,25,S3,16:00-24:00,FSTC
E006,Employee 6,25,S3,16:00-24:00,RS
MEDIUM_E060,Medium Employee 060,25,S3,16:00-24:00,RS
E043,Employee 43,25,S3,16:00-24:00,SLS
MEDIUM_E065,Medium Employee 065,25,S3,16:00-24:00,SLS
E005,Employee 5,26,S1,00:00-08:00,BLO
MEDIUM_E062,Medium Employee 062,26,S1,00:00-08:00,BLO
E003,Employee 3,26,S1,00:00-08:00,DAS
E019,Employee 19,26,S1,00:00-08:00,DAS
MEDIUM_E059,Medium Employee 059,26,S1,00:00-08:00,DAS
MEDIUM_E067,Medium Employee 067,26,S1,00:00-08:00,DAS
MEDIUM_E068,Medium Employee 068,26,S1,00:00-08:00,DAS
E010,Employee 10,26,S1,00:00-08:00,DS
MEDIUM_E061,Medium Employee 061,26,S1,00:00-08:00,DS
E034,Employee 34,26,S1,00:00-08:00,FSTC
E035,Employee 35,26,S1,00:00-08:00,FSTC
E006,Employee 6,26,S1,00:00-08:00,RS
E012,Employee 12,26,S1,00:00-08:00,RS
E001,Employee 1,26,S1,00:00-08:00,SLS
E042,Employee 42,26,S1,00:00-08:00,SLS
E008,Employee 8,26,S2,08:00-16:00,BLO
MEDIUM_E056,Medium Employee 056,26,S2,08:00-16:00,BLO
E004,Employee 4,26,S2,08:00-16:00,DAS
E009,Employee 9,26,S2,08:00-16:00,DAS
E011,Employee 11,26,S2,08:00-16:00,DAS
E014,Employee 14,26,S2,08:00-16:00,DAS
E027,Employee 27,26,S2,08:00-16:00,DAS
E029,Employee 29,26,S2,08:00-16:00,DAS
E036,Employee 36,26,S2,08:00-16:00,DAS
E040,Employee 40,26,S2,08:00-16:00,DAS
E045,Employee 45,26,S2,08:00-16:00,DAS
E046,Employee 46,26,S2,08:00-16:00,DAS
MEDIUM_E055,Medium Employee 055,26,S2,08:00-16:00,DAS
MEDIUM_E057,Medium Employee 057,26,S2,08:00-16:00,DAS
E016,Employee 16,26,S2,08:00-16:00,DS
MEDIUM_E064,Medium Employee 064,26,S2,08:00-16:00,DS
E026,Employee 26,26,S2,08:00-16:00,FSTC
E039,Employee 39,26,S2,08:00-16:00,FSTC
E032,Employee 32,26,S2,08:00-16:00,RS
MEDIUM_E054,Medium Employee 054,26,S2,08:00-16:00,RS
E025,Employee 25,26,S2,08:00-16:00,SLS
MEDIUM_E049,Medium Employee 049,26,S2,08:00-16:00,SLS
E044,Employee 44,26,S3,16:00-24:00,BLO
E047,Employee 47,26,S3,16:00-24:00,BLO
E002,Employee 2,26,S3,16:00-24:00,DAS
E020,Employee 20,26,S3,16:00-24:00,DAS
E021,Employee 21,26,S3,16:00-24:00,DAS
E022,Employee 22,26,S3,16:00-24:00,DAS
E028,Employee 28,26,S3,16:00-24:00,DAS
E037,Employee 37,26,S3,16:00-24:00,DAS
MEDIUM_E051,Medium Employee 051,26,S3,16:00-24:00,DAS
MEDIUM_E063,Medium Employee 063,26,S3,16:00-24:00,DAS
MEDIUM_E070,Medium Employee 070,26,S3,16:00-24:00,DAS
E013,Employee 13,26,S3,16:00-24:00,DS
MEDIUM_E058,Medium Employee 058,26,S3,16:00-24:00,DS
E030,Employee 30,26,S3,16:00-24:00,FSTC
E048,Employee 48,26,S3,16:00-24:00,FSTC
E023,Employee 23,26,S3,16:00-24:00,RS
MEDIUM_E060,Medium Employee 060,26,S3,16:00-24:00,RS
E017,Employee 17,26,S3,16:00-24:00,SLS
E043,Employee 43,26,S3,16:00-24:00,SLS
MEDIUM_E053,Medium Employee 053,27,S1,00:00-08:00,BLO
MEDIUM_E062,Medium Employee 062,27,S1,00:00-08:00,BLO
E015,Employee 15,27,S1,00:00-08:00,DAS
E031,Employee 31,27,S1,00:00-08:00,DAS
MEDIUM_E052,Medium Employee 052,27,S1,00:00-08:00,DAS
MEDIUM_E066,Medium Employee 066,27,S1,00:00-08:00,DAS
MEDIUM_E068,Medium Employee 068,27,S1,00:00-08:00,DAS
E010,Employee 10,27,S1,00:00-08:00,DS
E041,Employee 41,27,S1,00:00-08:00,DS
E033,Employee 33,27,S1,00:00-08:00,FSTC
E035,Employee 35,27,S1,00:00-08:00,FSTC
E006,Employee 6,27,S1,00:00-08:00,RS
E012,Employee 12,27,S1,00:00-08:00,RS
E001,Employee 1,27,S1,00:00-08:00,SLS
E042,Employee 42,27,S1,00:00-08:00,SLS
E004,Employee 4,27,S2,08:00-16:00,BLO
E008,Employee 8,27,S2,08:00-16:00,BLO
E003,Employee 3,27,S2,08:00-16:00,DAS
E009,Employee 9,27,S2,08:00-16:00,DAS
E011,Employee 11,27,S2,08:00-16:00,DAS
E014,Employee 14,27,S2,08:00-16:00,DAS
E019,Employee 19,27,S2,08:00-16:00,DAS
E027,Employee 27,27,S2,08:00-16:00,DAS
E029,Employee 29,27,S2,08:00-16:00,DAS
E034,Employee 34,27,S2,08:00-16:00,DAS
E036,Employee 36,27,S2,08:00-16:00,DAS
E045,Employee 45,27,S2,08:00-16:00,DAS
E046,Employee 46,27,S2,08:00-16:00,DAS
MEDIUM_E059,Medium Employee 059,27,S2,08:00-16:00,DAS
E016,Employee 16,27,S2,08:00-16:00,DS
MEDIUM_E064,Medium Employee 064,27,S2,08:00-16:00,DS
E026,Employee 26,27,S2,08:00-16:00,FSTC
E039,Employee 39,27,S2,08:00-16:00,FSTC
E024,Employee 24,27,S2,08:00-16:00,RS
MEDIUM_E054,Medium Employee 054,27,S2,08:00-16:00,RS
E025,Employee 25,27,S2,08:00-16:00,SLS
MEDIUM_E049,Medium Employee 049,27,S2,08:00-16:00,SLS
E005,Employee 5,27,S3,16:00-24:00,BLO
E044,Employee 44,27,S3,16:00-24:00,BLO
E002,Employee 2,27,S3,16:00-24:00,DAS
E021,Employee 21,27,S3,16:00-24:00,DAS
E022,Employee 22,27,S3,16:00-24:00,DAS
E028,Employee 28,27,S3,16:00-24:00,DAS
E038,Employee 38,27,S3,16:00-24:00,DAS
E047,Employee 47,27,S3,16:00-24:00,DAS
MEDIUM_E050,Medium Employee 050,27,S3,16:00-24:00,DAS
MEDIUM_E063,Medium Employee 063,27,S3,16:00-24:00,DAS
MEDIUM_E069,Medium Employee 069,27,S3,16:00-24:00,DAS
E013,Employee 13,27,S3,16:00-24:00,DS
MEDIUM_E061,Medium Employee 061,27,S3,16:00-24:00,DS
E018,Employee 18,27,S3,16:00-24:00,FSTC
E030,Employee 30,27,S3,16:00-24:00,FSTC
E023,Employee 23,27,S3,16:00-24:00,RS
MEDIUM_E060,Medium Employee 060,27,S3,16:00-24:00,RS
E017,Employee 17,27,S3,16:00-24:00,SLS
E043,Employee 43,27,S3,16:00-24:00,SLS
MEDIUM_E056,Medium Employee 056,28,S1,00:00-08:00,BLO
MEDIUM_E062,Medium Employee 062,28,S1,00:00-08:00,BLO
E007,Employee 7,28,S1,00:00-08:00,DAS
MEDIUM_E051,Medium Employee 051,28,S1,00:00-08:00,DAS
MEDIUM_E052,Medium Employee 052,28,S1,00:00-08:00,DAS
MEDIUM_E055,Medium Employee 055,28,S1,00:00-08:00,DAS
MEDIUM_E057,Medium Employee 057,28,S1,00:00-08:00,DAS
E010,Employee 10,28,S1,00:00-08:00,DS
E041,Employee 41,28,S1,00:00-08:00,DS
E033,Employee 33,28,S1,00:00-08:00,FSTC
E048,Employee 48,28,S1,00:00-08:00,FSTC
E012,Employee 12,28,S1,00:00-08:00,RS
E032,Employee 32,28,S1,00:00-08:00,RS
E001,Employee 1,28,S1,00:00-08:00,SLS
MEDIUM_E065,Medium Employee 065,28,S1,00:00-08:00,SLS
E036,Employee 36,28,S2,08:00-16:00,BLO
MEDIUM_E053,Medium Employee 053,28,S2,08:00-16:00,BLO
E011,Employee 11,28,S2,08:00-16:00,DAS
E014,Employee 14,28,S2,08:00-16:00,DAS
E019,Employee 19,28,S2,08:00-16:00,DAS
E020,Employee 20,28,S2,08:00-16:00,DAS
E031,Employee 31,28,S2,08:00-16:00,DAS
E040,Employee 40,28,S2,08:00-16:00,DAS
E042,Employee 42,28,S2,08:00-16:00,DAS
E046,Employee 46,28,S2,08:00-16:00,DAS
MEDIUM_E066,Medium Employee 066,28,S2,08:00-16:00,DAS
MEDIUM_E067,Medium Employee 067,28,S2,08:00-16:00,DAS
MEDIUM_E068,Medium Employee 068,28,S2,08:00-16:00,DAS
MEDIUM_E070,Medium Employee 070,28,S2,08:00-16:00,DAS
E016,Employee 16,28,S2,08:00-16:00,DS
MEDIUM_E058,Medium Employee 058,28,S2,08:00-16:00,DS
E008,Employee 8,28,S2,08:00-16:00,FSTC
E034,Employee 34,28,S2,08:00-16:00,FSTC
E024,Employee 24,28,S2,08:00-16:00,RS
MEDIUM_E054,Medium Employee 054,28,S2,08:00-16:00,RS
E025,Employee 25,28,S2,08:00-16:00,SLS
MEDIUM_E049,Medium Employee 049,28,S2,08:00-16:00,SLS
E005,Employee 5,28,S3,16:00-24:00,BLO
E044,Employee 44,28,S3,16:00-24:00,BLO
E002,Employee 2,28,S3,16:00-24:00,DAS
E003,Employee 3,28,S3,16:00-24:00,DAS
E004,Employee 4,28,S3,16:00-24:00,DAS
E015,Employee 15,28,S3,16:00-24:00,DAS
E018,Employee 18,28,S3,16:00-24:00,DAS
E021,Employee 21,28,S3,16:00-24:00,DAS
E027,Employee 27,28,S3,16:00-24:00,DAS
E038,Employee 38,28,S3,16:00-24:00,DAS
E045,Employee 45,28,S3,16:00-24:00,DAS
MEDIUM_E059,Medium Employee 059,28,S3,16:00-24:00,DAS
MEDIUM_E063,Medium Employee 063,28,S3,16:00-24:00,DAS
MEDIUM_E069,Medium Employee 069,28,S3,16:00-24:00,DAS
E013,Employee 13,28,S3,16:00-24:00,DS
MEDIUM_E061,Medium Employee 061,28,S3,16:00-24:00,DS
E030,Employee 30,28,S3,16:00-24:00,FSTC
E035,Employee 35,28,S3,16:00-24:00,FSTC
E023,Employee 23,28,S3,16:00-24:00,RS
MEDIUM_E060,Medium Employee 060,28,S3,16:00-24:00,RS
E017,Employee 17,28,S3,16:00-24:00,SLS
E043,Employee 43,28,S3,16:00-24:00,SLS
